pH,TDS,Hardness,Turbidity,Nitrate,Chloride,Quality
6.99816047538945,451.75256479337736,193.9381260547483,6.72702994208898,45.75967026268742,227.13598412484893,Unsafe
9.302857225639665,1129.6118000188806,185.8383394895999,7.966813971913723,64.4345863439989,263.0460467187596,Unsafe
8.42797576724562,1758.5970881651758,548.4400192865702,2.50467898792499,60.81287438321272,434.54632694098115,Unsafe
7.894633936788146,1491.2272841781662,187.25040991722835,6.248740996069989,12.311992375501895,203.00197372695146,Unsafe
6.124074561769746,1632.4661809367544,199.57234937074705,5.717459831437487,11.939957579317912,441.3423581654771,Unsafe
6.123978081344811,1351.688396750363,467.66904432988,8.32830376788271,21.453949419593066,89.66049393951117,Unsafe
5.732334448672798,1415.3254725839197,297.356913347797,9.060870604812605,28.885978107282977,399.5592967438838,Unsafe
8.96470458309974,1713.4717379741066,477.1908063253497,0.12156771477386807,32.67644651267861,431.3964348746314,Unsafe
7.904460046972835,574.3692168324533,85.95138666041188,6.740199190587926,54.37577734666762,131.81794377680245,Unsafe
8.332290311184181,1029.9074309219668,318.16415652036136,0.5183579911972902,4.534434573266832,243.6559395674902,Moderate
5.58233797718321,520.2979394572442,68.48748010080544,5.488586650773559,2.773816338085311,124.47489859864503,Unsafe
9.379639408647977,1976.5692151936294,84.45926190044499,2.876327290436782,31.352845035512722,367.971858047398,Unsafe
8.829770563201688,1893.712745404565,548.5405993394261,3.067765995221412,55.77309537103844,290.9064956277455,Unsafe
6.349356442713105,174.9109416001612,126.58495411467734,3.5295850345235658,15.474827436518606,335.89550601874447,Moderate
6.2272998688284025,1440.592827779808,342.8313752513694,6.212924490496102,51.320358500500134,138.41913513029502,Unsafe
6.233618039413735,1857.971803089765,276.10258143038857,3.340499656687692,20.786251035223955,145.28563792358878,Unsafe
6.716968971838151,443.0931557419337,241.03882944236346,7.326990505902804,70.8868887050813,68.67379647945786,Unsafe
7.599025726528952,1179.095938049996,544.9083401279998,4.045273855738697,71.65519554132932,194.93039083807838,Unsafe
7.227780074568463,1839.4277654172795,62.002868226519226,0.6835320030995862,23.782976342506117,301.8850976001537,Unsafe
6.664916560792168,164.4973593130178,415.084327396574,7.837598424841072,18.399500317059243,436.07071129879796,Unsafe
7.947411578889518,1425.098507768996,579.8669388174527,2.85758324592706,32.9043177652985,350.11735135640635,Unsafe
6.057975442608168,664.9631140078465,358.0925009040131,4.3276687959926265,19.242526814411896,245.92834552988813,Moderate
6.668578594140873,1856.3527712154078,565.2523541182005,6.8544388322190155,53.79070746333629,478.90405147736203,Unsafe
6.965447373174767,1945.0106658141988,78.74183360731307,3.32456157148712,66.08517476386284,373.6603402591243,Unsafe
7.324279936868144,1894.1063293155244,280.3363254907888,0.5658565614671562,53.84737047289736,468.5743412881475,Unsafe
8.640703845572055,1001.0070116491812,193.08678502912815,3.739210470128136,65.94803577994796,287.4145879724746,Unsafe
6.2986951286334385,1737.8810368796956,451.9515307394014,9.444485826943033,31.75937297659793,166.50692365691282,Unsafe
7.556937753654447,1704.6438572166337,589.7133997734857,6.417343972985582,12.505357656708869,73.7720088641249,Unsafe
7.86965827544817,706.2908991621857,191.09153434433628,6.71479148667207,59.03607579180737,376.7381831677327,Unsafe
5.685801650879991,1674.9394008862869,409.79603081074094,6.322821536376399,28.83796041132431,104.58634910249035,Unsafe
7.9301794076057535,170.31450595943596,158.95369801785705,1.989921389594368,53.7016660183306,186.24880772238524,Unsafe
6.182096494749166,1232.9127691159008,360.93164001438544,4.183338641022801,21.651515358541253,289.61190854775384,Unsafe
5.760206371941118,537.0167908466358,305.1628676785849,7.509397983633183,6.4983707845338134,303.98746450088646,Unsafe
9.295542149013333,329.07708297682973,584.6029312973454,1.0137289755315915,79.40654363902107,320.2624386442112,Unsafe
9.362528132298237,246.2110830954974,384.6899999830566,2.7785277608971226,12.496120634447943,124.81489865736529,Unsafe
8.733589392465845,1422.9486741684655,242.22850464775033,2.763191084658536,79.07367951707849,220.88183216974193,Unsafe
6.718455076693482,745.7624311593256,112.75268168836335,4.32018927594506,78.18239460531578,327.737402202635,Unsafe
5.8906884560255355,1477.0568659046467,133.185755804214,9.803687409421851,63.50544831264317,486.41848908520313,Unsafe
8.236932106048627,224.1770475179905,173.9243114731793,0.6750254668382194,52.7538369665598,377.4340119648599,Unsafe
7.260609974958405,699.0516418781597,188.03166373716388,5.1870099438059505,46.224564020086774,465.171690692281,Unsafe
5.988152939379115,1125.0334555131408,517.8388318126258,1.7936468201221045,69.28812363022678,392.9954262413797,Unsafe
7.480707640445081,1602.3740131940308,358.6725335553887,9.706765454097441,23.155161729559033,316.2726360015802,Unsafe
5.637554084460874,705.6297555709328,337.8650012559015,1.133035047274642,37.41449699879016,136.41051611135504,Unsafe
9.137281608315128,1289.1936152303174,113.1228795280696,4.036010023615912,49.55119754932015,350.00854335163086,Unsafe
6.535119926400068,1783.3577216487556,523.0768313421893,7.378849848346062,32.895238069559284,330.52080468195817,Unsafe
8.150089137415929,1270.1400575463788,447.547866764666,7.045544280274453,34.19891632722144,321.1111267057699,Unsafe
6.746844304357644,542.6230020319042,87.21759904500087,4.227286368939323,26.422773400166754,270.40364059470835,Moderate
7.580272084711243,146.36148495742225,439.30930347637275,3.4652416795271823,45.13854533476288,287.895471795174,Unsafe
7.686841117373119,1753.1878604117667,348.94601953845535,3.9761237855287055,68.04596224120928,200.49913720314683,Unsafe
6.239417822102109,140.41188061573556,94.94894016072804,2.642762631586393,16.122270240505028,283.69071168903645,Moderate
9.378338511058235,1761.933178099979,302.0653528407611,2.053329387067998,74.75464310027532,138.90015755531522,Unsafe
8.600531293444458,1104.9805546517027,316.58295792152586,4.8303969755889,55.12701229985837,412.3284788121695,Unsafe
9.257995766256757,1884.2286271745027,141.17599708980168,2.685337560676073,65.86185701440242,133.59962961441852,Unsafe
9.079309401710596,1617.6881479699643,570.1339808501552,2.874616648972501,44.49525541040093,88.23483045025989,Unsafe
7.89159991524434,1996.0748100133412,517.486454314364,6.56756063474557,62.36133611392508,246.31071186072083,Unsafe
9.187496940092467,766.3524493582493,417.96228553100957,9.685373316998922,1.2960317871573768,346.2383477777278,Unsafe
5.853970008207678,1557.657748969141,304.26255855033395,6.036372005593751,65.47043398236282,246.9725712200936,Unsafe
6.283931449676581,863.6687358575601,276.47104787147964,0.7697946706496628,3.2111087268293215,174.53935937808888,Moderate
5.680909155642152,1011.7636785774268,408.0354069330248,0.7558361385406698,71.193070109029,301.17703275069834,Unsafe
6.801321323053058,1292.2603801149032,349.987528173798,9.51423220845566,79.35701977909146,206.15105093548996,Unsafe
7.0547091587579285,1759.9865169540437,84.25020823503709,2.9729079030733363,23.525396974142225,469.7904605569849,Unsafe
6.585396127095583,1969.7585914786607,331.8764568236824,0.9206698608247543,16.825484502863493,465.19031282160745,Unsafe
8.814950036607717,1559.7194863425846,493.5219894780617,5.990445871503816,61.22906910864326,276.06731898744295,Unsafe
6.927013306774358,893.7568861179342,302.5819326783269,6.236487782902661,20.242107273620256,197.54779730821633,Moderate
6.623738038749523,900.5783043264333,78.57611765484762,6.485048201186881,69.24499065377628,381.7095862804876,Unsafe
7.670784332632994,1501.4063730188939,482.4530096612182,2.674020278575413,8.227407372598137,66.52082456737999,Unsafe
6.063696899899051,553.6765769597744,160.75008017478592,0.15110684214475034,10.07641571034866,263.6460527196431,Moderate
8.708787923016159,309.9008149496499,192.24145918842132,9.650153694544718,78.33212440804925,201.34552742165008,Unsafe
5.798202574719083,773.7820995174754,140.58849438776275,2.508930456911025,53.90711186160037,464.2411482961496,Unsafe
9.44754774640207,645.7540841427553,231.61828567932366,6.760262880525475,67.75097795431623,55.401362272707146,Unsafe
8.588979077186629,662.9854288663812,466.21332812874925,7.0662986987870955,25.946350188121443,298.7666940732571,Moderate
6.29486272613669,543.8547269948289,335.66222272716556,6.100074170794857,54.11869996164835,383.2986114799817,Unsafe
5.52208846849441,179.97706030908756,162.68470078289192,3.129073942136482,47.53934618468777,268.2580943858186,Unsafe
8.761845713819337,133.96047599348623,532.8065429836224,2.7109625376406576,48.25200960983576,88.43136357322476,Unsafe
8.32742937539047,1976.67254049846,533.7700202233411,5.976682827027031,54.60259676301773,487.607625512556,Unsafe
8.41602867216395,912.7689540981385,528.8181337753037,8.660956336116914,46.02873385032788,283.1046941192441,Unsafe
8.585081386743783,830.2206296033952,181.3379162598466,9.467337289233956,34.324989544213274,326.3838099435551,Unsafe
5.796178606936362,1391.3298371168328,298.18163929954346,1.0590580440375763,22.073815550443747,156.4744022183783,Unsafe
6.933862914177091,514.6823869436219,591.7443108774813,1.5482861259771985,61.48650647305616,267.5741382980617,Unsafe
5.963476238100519,1904.9262495054281,474.6068619704947,9.447362587830796,18.101794400254896,243.11727138124485,Unsafe
8.952413703502375,1594.0555273895488,64.9420816740579,7.365352283347926,55.388344492353134,83.70312890089268,Unsafe
7.993192507310232,269.88090439329306,85.86252519327063,8.829938248297731,18.666625811946133,97.77215909636024,Unsafe
6.823592099410597,893.4034739913639,305.16225724678304,2.026326341353432,50.02641359635631,426.86263382844857,Unsafe
5.754233401144095,1770.324784368113,550.0711132238581,5.875858711094018,59.76626137032231,157.9189784929656,Unsafe
6.743929286862649,1894.9908423536795,346.28598887399284,7.011395944174737,17.497111112523136,137.73122217438373,Unsafe
6.800733288106988,988.0628713747525,323.79687941885965,6.801118854469727,4.795464068904662,277.21015306256265,Moderate
8.418424713352255,1265.4816395003447,108.01053497614683,4.081516908666981,10.477899439533926,395.9362091131308,Unsafe
8.050229885420853,417.3644975749429,411.22905759836175,0.15394891691308477,48.479757381682035,77.87593336054456,Unsafe
9.048850970305306,1983.2203896602555,502.156738330124,5.829260568042631,67.95571249805884,309.56356383721516,Unsafe
7.388859700647798,540.1762326285425,259.23100412915926,2.5310153917960876,3.5997456988339493,103.644699278258,Safe
5.978376983753207,1891.1903708567388,476.5865180089301,4.502542461428903,58.7321007233317,66.40747287152831,Unsafe
8.35297914889198,1334.3286330855,580.4621596454464,9.575810150838173,27.30549167600417,73.73477847299782,Unsafe
8.54314019446759,1254.6999102698323,162.071552520229,3.990353176424347,38.2822695935618,425.3738486937986,Unsafe
7.745108790277985,1074.1081709313662,337.8312971571077,8.398016066644267,74.30876398764525,103.08761763262771,Unsafe
8.583868719818245,538.2726422637415,207.92587694651655,1.8854060574925113,26.557720378867636,70.31811398553137,Moderate
7.475182385457563,435.4032608104657,486.06993046861163,6.724604980250288,37.22695471515888,247.05494921431054,Moderate
7.590931317527977,518.9237972333332,367.6763512346366,9.770069544389434,1.0945931808544884,429.79706237391116,Unsafe
7.210164073434198,454.2326980740836,399.02032965266704,1.018931008729368,6.527897600387069,168.0837694201859,Safe
5.60167650697638,1581.2104997768313,488.85278778874175,0.08319942227192012,20.687327290782722,239.77067788666238,Unsafe
5.931565707973218,765.2379924167872,267.7837599643502,4.335827926326143,2.2281792656859523,67.96513965368806,Unsafe
5.625716742746937,209.9010854704531,553.2995376238738,0.926254830513672,50.510026083860076,252.08533136069414,Unsafe
8.045641645055122,1941.2949972675415,343.165876985377,7.483843496762313,34.111868544129806,309.9258862867102,Unsafe
6.757423924305307,1779.1931814305087,136.8751525594414,9.14548663848559,43.85161621824176,306.9081741884652,Unsafe
7.534282764658811,1862.7293380709045,432.74451499284135,4.340209727087588,13.971774871706364,199.59201147846431,Unsafe
9.130265895704373,1990.3248630282271,486.2937427410399,2.5871164215544096,23.67456235492929,191.989931298411,Unsafe
6.4971689165955,430.4009735170259,224.21892238713966,4.344033190066098,53.10595798821801,97.98062852146904,Unsafe
7.141531692142519,852.8598359150517,521.4485913493141,7.2344781785000105,77.22421789043199,215.05924429082077,Unsafe
8.522204554172195,1540.6531038377734,548.3787901211715,0.09054161580370979,4.033341888176736,94.7726009928341,Unsafe
6.41519266196649,1422.4391743022052,202.2974680577949,5.894539894846972,71.23074566842129,394.9681751204232,Unsafe
5.8079196393151715,392.4022220457246,590.9368099933721,6.132916848873791,46.150496104896675,484.82343398668365,Unsafe
6.6590058116550725,1650.0829374821737,127.39134042681712,6.376882468959355,45.113565340449895,486.5335055000181,Unsafe
6.144885149016018,526.4370864896553,161.1086176213695,2.420220799808772,40.02228281662083,439.28199471892725,Unsafe
9.218790609370291,525.2534681629838,151.32366158091438,7.140527233781268,5.551526872334671,320.3564672028286,Unsafe
8.732481518257668,1120.2514034974856,541.6943405043287,0.9139148633177641,7.190148138892853,365.38956375974595,Unsafe
8.033615026041694,1226.585876199236,409.86090377872904,1.9927033646680081,48.07296045272689,178.34261120618632,Unsafe
8.98584236075087,1202.1637948918412,133.65735577225007,8.77470046654482,27.276685714844664,333.8466890776793,Unsafe
8.714688307596457,273.82499105573424,292.1778801025919,7.387231507265664,73.38144532621445,255.04229724794484,Unsafe
6.246280235544143,1767.1756389977227,388.4139137883911,0.1374555401134525,32.52724298875778,266.90780289961964,Unsafe
9.070235993959912,604.6400809185416,95.90524674416082,2.4837626036980023,11.462516696211287,390.99945216882105,Unsafe
7.657368967662602,346.0783504373279,535.3290026240363,2.1440648299316454,57.17750668016288,176.86326001876324,Unsafe
8.72976062065625,1788.6213517510566,491.9819444928443,2.7080632803697258,23.468273715280787,193.11782526253396,Unsafe
9.084365199693973,1915.7378466365315,327.863725467151,2.475597702798864,42.03762458847145,466.0888060078865,Unsafe
6.7720138998874555,1738.042472804356,581.9196383925438,0.6252629574284574,55.826622840413606,75.30093268293751,Unsafe
5.940207698110707,1638.0805419772682,279.76853860130484,4.589405165968204,72.02112889616564,268.5354342860032,Unsafe
6.411740650167767,1344.9597632141413,591.2606754700738,7.327334747861651,63.375295584134086,460.7603601835378,Unsafe
7.208431154505025,1146.6290041573648,417.3559993419949,6.067317247174364,54.10888542981793,324.66335351817065,Unsafe
8.772059063689973,265.2748438316793,399.0692002896678,6.728716685980798,54.37065459161148,295.88318339545947,Unsafe
8.942922333025374,876.0611048343276,141.27519241268175,0.8114917853623915,75.67397152256692,162.38488065320985,Unsafe
5.527808522124763,808.1081823233966,535.0602670675542,9.514907101767871,23.665927799722883,204.47397007900173,Unsafe
7.542989210310263,593.5321891446198,285.1193283563383,8.384918338430248,0.0889675356949926,433.4217871121118,Unsafe
7.169644012595116,1474.4982160083114,139.22837318036363,8.050903184956628,21.756364751855894,301.6481592958062,Unsafe
6.388431241882921,1042.1638966496644,56.93413598666747,8.229838050417674,17.43131037013952,281.63398719055095,Unsafe
5.979461469334732,253.98781022453107,357.8656260011104,9.327105081327613,52.94676680911985,94.81087109301302,Unsafe
6.850460685614512,518.3480837046416,340.069792167472,5.442539661136977,50.696927981242325,57.21267040480541,Unsafe
9.271638815650077,1398.1916509532323,445.6444923030372,2.002820178676259,47.47691061637791,483.6583349091721,Unsafe
6.792811728083021,244.64863303157034,539.6419291597912,6.167836078525411,1.299475456756296,219.64377527907874,Unsafe
7.575162486973465,1717.2931366926605,93.67362155366624,7.42881493667939,58.3022443560518,321.44587794477695,Unsafe
8.31207583558071,1040.7784013265514,452.3230696871993,7.379173933540254,25.88243299883932,85.87178293427824,Moderate
6.954518409517176,1013.1144969206312,153.07656925367021,5.214490241668801,53.204479120530486,357.40142857537097,Unsafe
9.387128330883844,1225.5747908530834,521.9973792364401,0.6845871933357806,44.52627428017227,469.6550189176824,Unsafe
9.349789179768445,1666.8938352577834,500.4849326239109,3.7111293843012785,27.418474034232574,309.0493638488388,Unsafe
6.507129183301457,760.8374950141668,347.4365652420494,9.207666084633573,10.76610136832862,106.75189506893476,Unsafe
7.488994023569542,1388.2306898622207,440.6335392428213,5.84448909757426,7.553511812838476,311.7746873630645,Unsafe
6.703513239267078,1174.890731592003,222.8925622510616,5.383319432557134,66.52146664897788,394.8562458970936,Unsafe
6.6393619775098704,607.3537133219005,309.142344413048,2.688535143821935,73.47180336652464,232.8874414583084,Unsafe
5.647547789418131,1769.3969740748003,501.9002937407594,3.684489199165789,51.983043741143966,445.92698657366054,Unsafe
7.938257335919587,1615.1094410531634,302.59585844526765,8.953460891531693,8.27472918883867,341.907329010814,Unsafe
7.510716092915446,1351.0584858510085,246.78904592899298,6.664630475268357,32.162177351059256,454.6620132301411,Unsafe
5.705915004999957,1716.1052852790597,321.8168459876649,7.873870267523328,58.31513600841258,330.57739006130174,Unsafe
6.614585856946446,1747.8589818236244,505.5370888404701,4.543454230676551,62.38567072080545,109.0795874021709,Unsafe
9.133063543866616,1445.889655758566,234.36442605398,6.302472194561579,9.457489783287087,189.3612699973351,Unsafe
6.458247562667889,1690.325323890977,145.5688762246591,2.483836087432075,0.0024575076305932697,140.80772671360563,Unsafe
6.079579488364892,1425.1957771716388,441.6077111819294,7.054608302834863,56.9709636704484,458.97192397258806,Unsafe
7.4578110411102525,1392.2674663445707,504.288016989445,4.276013337033373,28.527694078896452,392.1800302793672,Unsafe
9.442601816442403,1275.3616186088502,105.35061318794334,4.4254551481474556,20.35850652946082,354.3792660095027,Unsafe
6.468221086046002,1530.1616151595183,181.9307620157696,6.493223245768816,1.0317975831620352,185.43484383422975,Unsafe
8.188542189623515,401.34970005684005,128.08459436854665,9.362806214689266,43.223952540919974,132.82014742259608,Unsafe
8.54647846131487,1773.654442477964,241.36777637019165,0.6400634660862092,68.09205883407854,390.4029895950103,Unsafe
6.450550175969599,1756.5027027159408,297.6930383979769,8.247432373470076,76.61053170180703,263.37107564558585,Unsafe
8.412865394447438,155.56983776566238,461.85448532981854,2.9238311041219314,45.259596049063134,151.6052984677831,Unsafe
6.9711325308770125,1669.0518260730491,408.1311716849208,4.439194545063778,41.156906219191534,327.4798901743738,Unsafe
8.029223322374317,344.8527481995459,391.5107121131371,0.21913328775008956,6.804510839139288,68.15023346230339,Safe
8.03411884304358,736.7258230923696,243.80622063530993,3.0104607783431305,43.90982412340798,196.77661435771407,Moderate
7.643098736299034,1512.6656869540548,512.796154196618,5.026312426301304,30.39832631723157,260.8506475660106,Unsafe
5.861159080217633,405.44380249178556,309.2079420689905,0.5617607734743901,48.57082247068615,116.58125034923263,Unsafe
8.841209982356952,1654.137345826218,588.507715908335,4.910957293831651,31.098107830123737,493.0945149158778,Unsafe
6.783120259886943,1681.0549381197097,398.7781760626553,9.271106288584273,19.223929876029338,144.0938140653264,Unsafe
6.246074041599417,1064.1886941455887,119.4456078604765,1.0539321810780522,7.59722201827012,108.65890851946949,Moderate
5.663100566219056,112.1331562619838,421.8976591414887,7.644407280755043,25.19347556711166,141.59069324910337,Unsafe
7.863571772752968,645.3724530323343,228.80720848743445,4.096710533759927,7.731586743020182,396.0775099218759,Moderate
8.21025744736913,1272.1611449139102,427.4799581773536,6.55173714524338,14.151756065918715,241.47754667232925,Unsafe
5.566351315711424,1964.2537382521045,88.30263148932316,2.6023659798522933,78.98689268636367,304.43717288864207,Unsafe
7.548372233197124,1300.4457013316699,146.18479044677767,1.5949226254135829,35.52828455252949,59.45412064386234,Unsafe
6.405983100791752,593.6268040219036,520.6554923981826,1.6046261427122643,42.549741320401324,65.49408885799156,Unsafe
8.0806911616378,1304.6108358892616,174.94875636293318,0.7049194564314465,69.88948229897723,250.62149742215726,Unsafe
6.197465716019966,1125.9722214601254,510.372618883617,1.8564670490124302,79.64551203925502,417.4948594407306,Unsafe
8.263750952409865,1581.7062507871728,203.60184864992573,6.642193849889683,46.617155947574524,448.35749541840437,Unsafe
7.04694138520215,303.263213771221,403.5850505322892,8.81690611843508,64.99790568353373,89.0179554180381,Unsafe
9.246919954946938,1545.9530147538533,431.782815430407,8.141256855911617,26.15528194693402,292.2633959454603,Unsafe
6.050083776583973,1128.4064994846096,331.9601142297791,6.851343098744841,24.45951659578329,460.9533588256717,Unsafe
6.864265404201034,1929.6848073320898,217.92087218320222,1.1043186341110267,32.21629767956482,224.58773947904888,Unsafe
5.953894084962356,749.5571154735036,166.95440700410285,2.8918744629594983,53.80058101389193,423.3046241427659,Unsafe
9.198774473114252,1301.9815969545014,68.25414500933442,3.0980687532246898,54.5753351404079,110.16304447974629,Unsafe
9.009357413523924,1870.8534004690332,217.1705206823981,2.4995694639762123,25.219154771956063,470.92752035050944,Unsafe
6.531766510860622,294.7684831822906,409.23953479220563,5.150056597097231,10.656793930930295,388.1404928890862,Moderate
8.139936184136715,1880.7341257492571,566.0676501466655,5.355538148796725,50.59170051724068,473.6004767541057,Unsafe
8.768888800804863,1406.9828723715455,529.1624652446786,3.568859751711102,10.266068975101161,354.47775509862794,Unsafe
7.72080324639785,228.8904122998266,471.3356270944164,3.53789158736436,46.279400658346404,213.53176939974216,Unsafe
7.6186023134240255,671.8307771989508,483.6460387893143,8.285555979060813,55.47377024450472,472.1815276361251,Unsafe
6.467409163601807,1445.526968426035,415.7416969117974,7.892928483196856,56.04891971155613,174.00504933913032,Unsafe
5.872411071223597,227.96614279066623,193.15777166130167,3.0779583168074565,60.277768852767736,199.47763492777963,Unsafe
9.088863031813307,1206.1238743349193,548.9572668882064,9.137884438732593,69.82875372525316,365.36378810078315,Unsafe
9.101672228653321,757.1778082106177,418.9027715482087,9.52815017002506,39.996719357183075,394.3923347864238,Unsafe
8.032405829093072,1279.7394837582065,358.24234703924196,3.267425420300408,58.4199351623657,468.23156773211923,Unsafe
6.856119164194803,186.90986424377442,111.04420806741459,3.5442494879305486,49.533818829266934,142.16108407529427,Unsafe
6.896838298450644,1755.919931689515,295.880549093534,5.056341534219588,14.931195183814605,409.0991158486508,Unsafe
8.403822715480958,1949.6290414370542,303.19704916105945,9.411208125336735,2.0551715895526534,382.3457240286335,Unsafe
9.08844103981031,1940.8679250428138,525.5099852374685,8.763194331423115,22.763310854154703,78.70755031411903,Unsafe
9.04834569706047,1524.3384803115569,350.65652110328364,1.025679625835898,35.44269650700955,224.25041354459313,Unsafe
8.619502183430495,347.1638562482008,259.2203019337253,3.927307432714162,49.3684755542925,177.24445567704436,Unsafe
8.06812658461715,1540.7000722651428,587.2401806808626,5.533711897497718,67.99674644025643,187.02069095931367,Unsafe
5.836559859980195,146.71514127172287,110.89632632947362,5.0313247255154,15.699657336493251,492.32609579961536,Unsafe
6.146514856378455,142.03474790509478,282.4016355715695,1.9386306793689267,10.043983191878167,339.24983606596754,Moderate
9.094216754108317,714.8594163841284,73.11357134427291,8.588167711681546,77.0783957979462,372.9542710070748,Unsafe
7.92571623863836,1028.422061768865,456.9472664218117,6.769407829968373,8.643564750112569,489.47793679175413,Unsafe
5.536788206466518,1563.774093834807,554.9421037095328,8.379083748518037,38.27928560857514,219.7408021059374,Unsafe
5.905886171464129,1398.2612155523598,204.0205312527692,8.587642793494721,46.84509830346415,410.82807580376266,Unsafe
8.154007076432222,947.2151421158219,522.0879222395165,7.483558536657398,43.30995367259506,245.53893348702292,Unsafe
5.520246335384875,619.8906659351652,210.72002675404377,4.392106012497173,6.882572562635456,441.2901523167409,Unsafe
6.143232205669994,1994.5365502996513,550.9235889041533,6.105467550154246,4.562153120289549,131.29589359008645,Unsafe
7.694935157466345,909.7444742483486,464.67904697823116,1.6036540611974315,8.438674196882854,476.4587796789258,Unsafe
8.267580790770772,957.6353462263834,492.69872726279124,6.736454174749077,46.847014709809,148.44726878489587,Unsafe
8.107845038010403,410.88526026417145,59.90360558024997,1.7925325573928075,43.54759101074569,196.79922814141918,Safe
6.39707723784224,1610.1381426248658,579.5456963907143,6.939495905101568,18.69926336293954,390.2865053480512,Unsafe
8.348716885390143,1417.9962289848283,449.6690456386778,2.2959816075396864,51.021931347647325,227.18981370443302,Unsafe
6.4489963499872,519.4622642986448,217.61310246237332,1.1755130015021997,65.60540016445195,323.695119544901,Unsafe
6.801598792637071,256.5239866701011,506.1670656723658,1.6528449014295743,3.3263167877275013,250.05807548124284,Unsafe
8.485965620472097,1392.948673941955,204.83665912821147,0.01992135219070268,39.85039548384339,384.06647169040184,Unsafe
8.09853159618886,1343.571307134157,530.0146117613704,7.187396178535303,55.144832968215226,152.74906356587488,Unsafe
8.896893641976712,619.1931012965977,111.91921472656536,7.324010490583791,20.184954165574965,76.30609425659466,Moderate
8.130451569201373,1906.6407682757797,437.0272876034377,5.149333499132594,24.621672423451926,184.9682288628798,Unsafe
7.7732344133418865,387.0099943837104,347.3841621547007,1.613628010553837,49.09103223915071,263.4388991907936,Unsafe
5.87469907131237,921.4361219809437,103.09395860749245,0.8355433751068975,71.83482347549895,125.60902348670535,Unsafe
6.9708632122377345,1892.870248318438,183.04160554236145,0.1912896643728701,64.79395362423195,209.6587803453749,Unsafe
6.560809470726902,897.4819021596323,56.822219952523135,1.657481769652207,46.65041752796668,229.99235823210583,Unsafe
6.475958573516334,1313.1993005617626,307.82238100547823,8.908555349831467,58.41773742057994,75.8263296597231,Unsafe
9.392042219009783,855.4293561293091,215.6958934180002,2.4153684170168175,29.185797616623894,312.488261682892,Unsafe
7.072390898667042,621.008884462473,379.09661636376734,3.542713272172157,51.27724224790062,447.9545425870794,Unsafe
9.068186220708453,1969.5575311236737,213.48079423973945,1.0534548448133318,37.294527290204556,118.28431082887359,Unsafe
8.024554503989052,877.7346119985817,214.95551132884157,2.223613047481703,15.194890916604873,319.01360603068133,Moderate
8.679245214166594,1798.7884869903553,458.75625930238186,5.192245707802051,56.13906191018057,349.1326422098808,Unsafe
7.510548372420768,536.9137511930637,76.4785597880944,6.077526830956526,44.51717098790576,238.70060618867976,Moderate
7.807615538505436,504.8989376476583,546.5922473555929,2.4535231416621106,28.68972655628731,365.4939143139215,Unsafe
7.470070775275456,159.1547574805716,518.7451309151497,0.5773215922511721,72.90713520629046,234.82919457095542,Unsafe
6.280971951192178,1338.1669682141817,417.2925757745236,3.9103286912739863,1.6747294261386614,277.0867795898457,Unsafe
8.389808461046021,800.2000530751461,376.2718635590614,2.342033709263341,25.261852099959683,53.30887004949214,Moderate
6.623089449763423,1742.2806746953104,540.7663739768087,2.195539232298019,4.550511822211725,361.27405136061,Unsafe
5.597263865725815,999.0988227139586,151.93159874079294,9.598628027134552,61.32218529773017,347.604205525126,Unsafe
8.081889183628672,1939.5675130379714,93.43303920495573,6.16300485925724,56.16859632910341,67.28039479685505,Unsafe
6.208442717628196,452.4984798359302,181.73059345024595,5.5687844317209585,26.50817749890536,215.71254832780988,Moderate
9.261834337411656,1750.3840191156605,487.01805328510466,4.157751035233219,54.05303217656584,490.5643283562503,Unsafe
9.31571430801035,1575.5340203043093,69.06864669956583,4.289443334301443,31.67497809567599,239.33145315587757,Unsafe
9.159457560881794,1564.7515048236987,370.5437592959193,5.4090500383808084,60.500303313794745,275.87543230932874,Unsafe
6.980634801021777,1705.0881334220865,597.4906339052204,6.964298070361073,36.334693018936484,459.46857117187335,Unsafe
5.56182646611547,1545.945582791698,520.6328516106466,7.021460961818295,32.98237822653324,372.7678441395904,Unsafe
9.213274250350901,1289.8186110996892,336.7951289739742,1.7169390770544957,74.77839323906407,311.9315590059006,Unsafe
7.212736593269257,349.3652675965364,85.00250010765329,5.0011275207662695,20.07032799125602,409.0121066034826,Unsafe
9.366619276174678,161.79974103337864,507.2554329121404,4.119580950341019,9.635787199725234,438.96481990518794,Unsafe
9.35447990835701,1849.6109108498051,379.4381794974658,8.705269662693842,46.763449060756656,255.59963228177008,Unsafe
8.91203782186944,1271.6355975894023,113.21314838276176,6.314189212183764,77.5457449827343,263.7987642193259,Unsafe
6.677795568278343,1613.420852854735,101.62150665284591,5.325040664159818,30.227137098174932,223.7229210433261,Unsafe
7.040390914407701,1014.8924678738451,550.2947506901257,1.1539464217891737,4.962941090302522,485.01776300830727,Unsafe
8.904546686067427,322.8855590285495,418.06014461594316,6.056378893234115,27.144421384765394,363.72481443065766,Moderate
6.76768802062511,337.85300518484587,506.1077396242155,1.1720390568023342,40.474532345564675,87.45037979363254,Unsafe
6.17797098674437,1402.5740457350455,533.438395155247,3.3720657556575206,12.953840530577097,438.3318304908583,Unsafe
7.727205049833401,917.5812003089791,364.4747936265772,1.4284196481433187,52.64817744451936,266.2519733763206,Unsafe
9.244619096643124,480.9969807306398,334.5954934652727,6.920736470243689,79.81995112081604,80.93925789011936,Unsafe
8.284119186699892,1034.02963880873,286.7350756765446,2.062521138361526,36.13915807851551,297.37276482349,Moderate
7.78024468035746,221.99698044275476,224.3206232851156,3.91859373188026,28.378284538417013,237.72392553906593,Safe
5.888705975083074,1205.7456636373577,289.0277784722915,8.956747776187786,32.05633334675733,444.98723218818117,Unsafe
7.960028906796679,611.0874684266855,475.63381065158603,2.043163833989703,9.211694271616091,141.7975716242243,Moderate
9.460215400417052,1615.3622912106575,381.05788705832236,5.078050639587791,70.6618881140979,421.9090742714823,Unsafe
6.060336060946096,689.6877219547902,540.8878094751653,4.19271661166022,33.186052441708156,300.95991103345375,Unsafe
7.573318609454947,964.9182832554222,293.8590079085533,0.18124041045729733,30.981952913987307,74.57463644606108,Moderate
9.009492287711822,122.0790258253912,383.8992682953147,7.927581135728127,52.77522183443794,487.3303855964681,Unsafe
8.463074471016817,237.64908680966187,397.2191542005938,0.6904590631459973,35.36267367448988,280.6768598464399,Moderate
8.288062963981073,845.7377571727012,375.43343926847905,4.7425502097695365,51.858677504627686,180.8945844042121,Unsafe
8.309936335948438,1011.8837859625347,436.44857519703396,5.606782949389499,4.9157032104630005,261.23307889516616,Moderate
6.937964604879021,1240.0390414266772,180.58840760614345,6.284264566145871,65.0978674977782,436.03600258287,Unsafe
6.6743673770579734,654.1588995476761,331.80007765018485,6.886316293078756,75.2403162303522,187.20640597327858,Unsafe
8.737444621914054,1420.4655836404309,107.32364154459123,2.532723835227151,51.901230892750874,136.70437841901514,Unsafe
8.740453578716723,1734.2325546594886,261.48123020464686,0.09978776658449373,76.36527430870485,108.08206111889666,Unsafe
8.968289274320416,1581.7168788973647,318.2168877416954,7.2344366235491195,12.114585149597064,184.03672927559506,Unsafe
9.152962210225885,175.27576816187857,408.72334275000986,5.356565993475786,38.1932951584283,401.02163916801953,Unsafe
7.545369595443751,1012.963199789875,572.792078922412,8.361177032072488,48.14453871563578,262.23186433786776,Unsafe
7.506065178748798,299.36733899453225,380.35808660159574,8.213883629006943,46.538931793694935,152.36672166209297,Unsafe
8.6931807158671,559.8855301388022,458.9766538971079,8.433261677878832,32.11694232712346,124.78324982438714,Unsafe
8.09985572311106,1974.6589272075782,328.4463327223615,4.850946599795401,27.04675274930091,199.7282644296706,Unsafe
8.307867509030814,370.74153151287516,398.75721725698224,3.3362839583686563,10.145921804033504,472.96596779856895,Unsafe
8.683170677744403,1047.8874915575766,89.01271887357538,7.9155820259137,31.339396044982255,204.36202066551095,Moderate
9.060021367270265,1274.4958952044262,189.91536946301585,4.51294113029255,13.01286520843881,494.6558341795859,Unsafe
6.851980627406143,1434.6834440337975,249.01920126282627,1.834421964034345,58.74925411937747,268.3537050944103,Unsafe
7.002331810559776,1163.3324986251369,309.8713452535825,8.549740195614744,16.7064748395672,130.6237632305679,Unsafe
5.875927759363476,118.56461009644894,75.10681002631105,8.825598767723474,4.685224422762708,451.0130413070792,Unsafe
7.813120563984696,720.2764856635846,127.01325365432473,4.663097561401701,44.18929102537874,257.1599179106721,Moderate
5.643769095186968,1083.6521224309517,202.24786928521817,0.7569972730978747,47.618378617552125,369.352104577036,Unsafe
7.362392072529841,266.94634837518333,584.3429799955778,3.8782608991693124,69.75304490244044,492.6702124441183,Unsafe
7.6705785388303065,766.1911692974435,232.24085390667793,8.035376594626033,46.15852899341455,72.5789076439883,Unsafe
6.646165008513138,163.08590670359646,315.1225819616454,9.017740285462287,27.638468297875658,93.51255190440521,Unsafe
7.863333042276043,249.2991445945394,157.85374200611614,2.0347274249759586,64.24095052210563,374.20553365824026,Unsafe
5.622000999756198,854.1542247830325,385.92903909167256,0.6697361202527152,43.22231145499369,176.8212514829624,Unsafe
5.649392754996858,352.15993268181467,204.37576853378587,8.773504531328387,6.3424227704953395,132.9356286275446,Unsafe
8.790402242638633,1178.3276116969605,163.84591814113475,3.894049389788753,45.26804482505973,67.71284591887827,Unsafe
6.940762565645052,1409.9834413608048,334.11494564528846,5.417609642675632,72.64148363373299,59.83102039379081,Unsafe
6.008242050607539,1621.1147283072573,53.02818953823145,9.680658120507589,31.705010039857644,398.5185214039059,Unsafe
7.5889730402192175,480.2854640651392,54.21521795707393,0.6656472791422285,23.706064151984005,110.4950423162975,Safe
8.579974212394443,418.2169062922325,170.48784500602176,6.483180074520956,11.477556561441604,260.4742771870179,Moderate
6.363284109987372,298.6788966353605,70.19674937545163,0.7410542257486707,12.115641754828586,322.6535668307674,Moderate
7.991561903276001,1309.2174741329097,109.41416477188025,3.7546892846650035,34.62171874734551,242.7583102559808,Unsafe
5.841389859975072,1442.3038803251122,236.3733571363134,8.038145451934467,47.65438593292237,62.1979935513049,Unsafe
5.706726884674431,160.01367516871989,491.42212376889705,4.334722327556344,6.44923241356814,402.57567616455896,Unsafe
7.6254185262725915,1878.8032678630107,364.6267538531155,9.971823539029504,75.16548712201326,54.73095104374407,Unsafe
7.662540486440426,198.7454389377976,331.967249276029,5.590592849466022,60.41068939561568,392.8504524698678,Unsafe
8.049719605992827,1128.4630370720338,211.4188527644669,3.2116215263595347,46.929913462693015,451.9870222046552,Unsafe
8.404365334890645,1447.214986956741,562.464545688049,2.2011132590475313,66.27509367511927,244.77796447572752,Unsafe
9.403408317850138,1754.8413351175627,268.35827268045546,3.5052053428616183,6.414940544969063,290.99411289400916,Unsafe
7.565201393204781,1456.765171051613,97.90102173767431,3.725332737595508,38.14711021864995,264.6425266779442,Unsafe
6.791825891764984,1623.2833578326045,389.3865838647907,0.6871367772396098,50.40745014893307,225.14387838054748,Unsafe
8.680744779074814,744.9553658313315,112.61111641213077,3.6957419942677316,66.29223248946315,449.3410409166621,Unsafe
6.583329005048297,1648.1677161183732,239.87272854093064,4.642385197392249,62.677564803941415,452.27007980149574,Unsafe
7.255885682822544,252.21820813088277,329.0765662947949,7.227377522388046,22.165539977071973,201.11736408869055,Moderate
5.813825525369063,1800.1516465150025,530.8223885768467,6.56729484721608,75.27041356473634,326.7813893066141,Unsafe
5.6014029736618305,1140.425514692099,321.4506191870653,7.087656552291542,9.947667314469628,467.10840296563885,Unsafe
9.3505936587117,1652.8657629287381,436.24232131741536,0.08363681876857099,70.01068948969217,482.9263245236082,Unsafe
8.843920482048823,959.4047405847703,596.0492614494887,2.1766739958053605,77.67521996836949,279.03156818992136,Unsafe
8.283896824374793,1322.7976208733974,122.3190159438899,6.616842883998565,14.172281857810045,253.77116237794706,Unsafe
7.1358117776570795,1100.1650557786152,201.10233903573572,4.839893681797472,57.76528513630282,175.41244216783662,Unsafe
6.193177280283383,1490.0200913351305,267.0168415787055,0.05313475668345946,3.222841502239877,481.4923429356845,Unsafe
6.125748170684345,255.0969658581202,282.0054981963573,8.044946424318223,32.433826011132396,114.2664370127903,Unsafe
6.500971592658381,214.6689595820712,276.0615913960502,7.728095732903374,41.302663935813925,310.92330922147625,Moderate
7.696906658824481,569.4961446192783,549.1860514061052,5.484191629935626,46.45161807277073,177.1476203833875,Unsafe
8.358383690800249,403.13489221505785,442.71795445677105,0.6646332577627212,74.87497985988476,175.5537306565085,Unsafe
8.140789506870926,1756.3887765251832,384.3478677498871,7.665150495325847,53.78005498353558,232.23586431928481,Unsafe
6.619735587783771,516.5065759802842,220.15499482453015,5.8371358773136395,38.50223609753896,499.45682111704457,Unsafe
9.319461122652775,1954.1439860563494,503.08471132171206,7.8195997715795915,64.77400290127115,74.73483807791993,Unsafe
8.451587666783073,740.102004365103,575.2832813167439,7.517469923958404,76.04262567635271,310.34381819158915,Unsafe
7.717416210045602,446.02403980852864,501.6590554026246,8.03002071957837,1.7652918945832674,87.15747111587473,Unsafe
7.9468829849374085,1600.4271635707103,50.8608078553101,5.1800806640462485,78.6017017804831,119.53437349573353,Unsafe
7.17840024971116,1351.5447734516647,400.0207536008739,1.40324518193515,6.890571125094427,247.8033237978044,Unsafe
6.49092395800463,1046.571861260964,78.1244597931554,6.711574733796887,65.15094234150091,279.70705910589857,Unsafe
6.923890714605046,1155.1907467814995,191.68397118354702,6.204737850519706,22.426780204113,166.4565837640358,Moderate
8.531384441857476,1466.4833787173013,82.73858519127442,7.422531871990872,10.57437262030974,192.4057088934873,Unsafe
5.5575739545190235,534.0640085294676,382.08749912216325,1.698810060507353,35.18845117710679,89.13515911516987,Unsafe
5.964290562027665,1993.0344405078097,427.6244524209337,1.9497519990028922,51.516526355809084,186.44890272991273,Unsafe
5.684010568087011,1952.107008078888,112.96820093624781,8.904095172193285,30.476147601878,484.9512977212448,Unsafe
5.66291520927588,1335.61880405918,261.1113856747387,7.499777984520708,4.365232662615917,475.11832175261674,Unsafe
8.92184233604403,479.13065676537576,300.9300799255481,9.08228488700323,47.956891172697325,200.69523056164326,Unsafe
8.314631437520095,1392.4336606194536,252.97916196850412,7.587153211639207,72.19226208885398,306.8842713254427,Unsafe
7.396695316349301,237.1769770604341,116.56375026685618,5.971553059903019,30.657229275780136,459.31792599992497,Unsafe
5.891336642604006,158.23975419103152,280.4212846031115,6.5413273702787365,17.306622210466163,52.7827201884035,Unsafe
7.466463500467329,589.5974881713059,463.14792629463,8.891279239400099,35.40618767462523,414.80760665191633,Unsafe
7.393887083122262,978.983617804701,89.05421549329051,5.7880675451194055,3.8690168839024697,476.76629875501357,Unsafe
6.192807479640061,1749.717760275923,94.09900774504689,6.323913243283874,65.63900675842198,91.09658045010067,Unsafe
7.235406596951892,1481.6212325559852,245.1242105097913,1.5647671600360058,66.10726487601494,122.65145871481447,Unsafe
7.094018937589494,1511.142390279964,567.9491413904087,4.739212201161028,47.040037074370275,482.33583624710997,Unsafe
7.963400392208866,908.4373354513432,417.7149556976027,7.16397111958099,28.248231115071157,291.8930646381558,Moderate
8.040374603470575,757.2764858392295,423.2684761699106,2.709426983163654,63.98266915566267,56.388485512275665,Unsafe
5.681216039088178,804.9736496707451,249.05599496082573,2.022541805245349,44.374961983069376,165.93439944358812,Unsafe
6.998450458505885,1976.53417109851,376.51343516469615,3.1382680822441555,66.0745846840013,252.47465342098684,Unsafe
8.003439662856945,176.2074636837167,55.572151215258856,2.4150062799283347,50.51670340664165,361.8090099611455,Unsafe
7.51254503432035,1747.3598426326523,399.8528255252482,2.1491263703639585,62.752437857023786,379.9221701615598,Unsafe
8.92595936475329,1199.4832762875476,552.3078211669301,4.24850842868087,47.885039457420795,497.9396808164552,Unsafe
8.13477452647578,933.3692964602219,386.91540758965056,9.07838513883534,33.1312854572533,179.38003972269155,Unsafe
6.151737708325719,1477.9895547887593,530.5342264064898,5.070596467387183,76.635668794091,292.1990458408138,Unsafe
5.782274989601719,1024.6709887069355,448.18518050635157,1.8792038081532303,43.289105990307576,289.9955965368223,Unsafe
8.069677112825262,1759.5041523551552,116.30712902202964,0.7697166938087407,48.40716148324307,232.54036675125687,Unsafe
5.606045242166488,1811.333541621391,546.3493190072129,6.961561451379252,17.63901115317994,126.12285222908909,Unsafe
7.843102325093853,901.2697610595653,86.54411439567619,3.827987644363878,50.05206315418212,489.8554534327291,Unsafe
9.26092096569983,625.972814746598,343.68210990127005,8.218309465853594,45.72861195863551,433.9927339999637,Unsafe
7.801896711503516,1225.4656243273882,128.17541808640172,6.595107686407702,14.787071835761996,274.24986273240677,Unsafe
7.052679704826088,1833.4903566717128,56.43863590199724,7.962414505413685,4.766967788251497,321.4604402078134,Unsafe
8.073152873769413,500.2581591107665,282.1188430702015,2.7194603941844875,48.34874557718169,152.26747410184805,Unsafe
7.3330115619660665,1283.6365087706172,212.27238920978593,6.9235892246105815,61.09538154802564,294.7041816762861,Unsafe
7.68246715726374,1299.964418175789,317.30027158868165,2.640619846937188,41.87210967376066,362.7365599046641,Unsafe
9.2658592351061,1492.914742589034,367.4599377040029,9.390684794502915,18.141810025571658,281.82516277396496,Unsafe
7.044410551203097,349.9786017417936,74.05648976992104,6.363742815333744,53.32175813544279,495.6283267632236,Unsafe
9.344762255295656,1460.0674328959683,117.6518123180601,3.245118001753421,6.40845812876818,325.10374531147676,Unsafe
9.121402567824255,1827.161789264718,357.25331804773396,2.6951186229227266,35.34669638415637,216.93817066647608,Unsafe
6.283164539157186,441.39790685345974,238.74204424496202,1.909265850716435,13.069340671873615,397.46841242712713,Moderate
5.777445203500662,551.3323173553675,451.0454181521964,6.946409588937278,14.756724084790669,126.70813021173892,Unsafe
5.903112005509707,1945.6506786791151,408.76040672556684,2.187156129979273,16.18351593265629,223.03211616781994,Unsafe
5.572887302606199,443.8562101480306,515.0823996444487,5.953032659274891,30.936564563518232,206.13152766991362,Unsafe
5.877771843023714,1723.3316774022003,430.8710546680739,2.646350269253573,4.09201644963181,244.31319279849976,Unsafe
8.232027093665428,1035.3279272512661,286.46209256458144,6.619689447938686,31.823475274327855,401.80092166792684,Unsafe
5.7847545938409155,569.7390413660364,420.1316423169378,8.149397285405392,40.936595769176066,267.87786447353335,Unsafe
6.775902521175045,1754.4248124177716,201.4596458404802,7.780252431446532,38.663542797306015,407.3065026196832,Unsafe
8.879501243877819,946.0799845050644,218.47242432801698,7.608513309307817,30.622728032243245,309.42000641293964,Moderate
5.593087742943304,1078.1529724664115,483.9418379564363,1.8772240569225207,67.1317286456602,203.9312455958999,Unsafe
8.757873930355743,782.5434018595548,295.5307340208702,0.8838494698451871,11.626135393640329,414.4904346575626,Unsafe
6.6274190990936,1226.6066177263622,489.10918728509387,6.989488284873856,40.455739502509914,157.23035174889122,Unsafe
5.972659310486625,410.6953579115433,502.33230551755315,3.683472137943513,4.963313356524344,150.97234090990798,Unsafe
8.286948661456602,843.0549196383454,521.6592857137061,4.3234622640334734,5.69245431023278,277.0263158246761,Unsafe
8.015771387119536,1941.8834124370462,554.1493797126641,0.31149092793391064,45.909267974167705,167.38216068294003,Unsafe
9.009888054108211,590.4535221321423,287.04187128231297,2.595764492750492,45.28147399102568,54.08916572804735,Unsafe
8.440284175215544,1347.7996626284553,225.37675007662637,0.3367640387446402,70.24268102755656,341.7338872844607,Unsafe
8.713923721539395,717.8611220269203,370.2093106267626,8.791857726012477,44.62989405280585,279.99221966257915,Unsafe
6.628138290285226,1569.5989388045411,254.14483289069517,2.4339668321853045,76.78328163238801,250.48301652192254,Unsafe
6.209758175118891,348.6599553648647,380.5907917401281,5.5733716957300805,3.8955878719943815,485.1358315782419,Unsafe
8.502459006563434,1942.659985649235,438.07222445410355,0.3897932066113041,7.840614782459285,307.03963278331116,Unsafe
8.727338957069056,962.2001286289146,428.6227601706753,6.66847391305658,3.5252689256305114,438.544210005223,Unsafe
9.462020568002693,548.4958803582815,256.00408786106675,3.230273457540939,14.822148026683202,112.75260629232207,Unsafe
7.150470707645706,239.64381992702405,141.77311093431405,8.979191869576658,43.301608875334246,306.1429084082425,Unsafe
6.988072343171133,422.5400196663274,286.79113615421414,8.881181889340358,51.645774514194244,440.5908320289063,Unsafe
8.605651842967987,1087.5705022564334,128.4267792450498,3.252906183617478,3.646812635893504,312.3975907759541,Moderate
6.863214161012071,740.306035219444,539.5533693510946,9.009608956904678,75.67767118764795,373.1063801571507,Unsafe
9.22302930241426,1674.878395176958,240.23260340582158,9.961576734987789,67.37323013203049,217.41960551549332,Unsafe
8.933651007372047,918.6862949574313,134.9528609728281,8.254156641239481,23.72899857256745,91.60228266667997,Unsafe
7.215976109500073,572.5571179164967,63.99626794816298,8.448713477552289,6.175002418117437,256.05513280718213,Unsafe
8.50348427116599,1272.575474547657,405.20231245756634,2.4900873610908993,13.590965857524582,227.5157258774859,Unsafe
8.518171496338729,1442.876712082347,400.2962746001088,5.767023988577563,10.155553100397814,440.1770820705263,Unsafe
5.91249547534373,417.3796250118047,237.33229161971042,0.6725591396736785,9.862702343915748,159.7978860586125,Unsafe
9.110211626718266,418.47651094780355,89.44153886620805,0.9491793682166971,41.48493509325871,485.03040239079866,Unsafe
7.521009489791428,169.67571117373166,275.2958921923776,9.988926120332906,19.667795399472023,481.16215391202326,Unsafe
8.805829864430967,1499.1638286247169,221.16962228486648,3.2663924942591094,28.651177322331556,161.4342393821474,Unsafe
6.780198404122447,1361.2286024814296,422.41635185425514,7.481839120488464,79.16042667074579,206.62337996479422,Unsafe
9.082092913984802,1001.7986639246463,383.1785871989797,8.066650530268165,54.74513991402758,453.00008339324825,Unsafe
7.056806714936652,1703.9238530414746,250.526550508647,8.580232710072291,75.91845336376011,484.97999940324837,Unsafe
5.543350605921193,1630.773290605101,169.84090484024455,9.976282974021565,11.404524402649248,249.54759627621982,Unsafe
9.121527905677056,1212.173292353829,593.4197813855756,2.414964852568678,30.57115798660554,194.44867053840403,Unsafe
5.865146707144534,1749.7154329751913,299.70089165786317,0.40350826859699707,44.37854426258834,286.7423059631939,Unsafe
6.7772545503616595,491.0982990698597,428.5508296791304,4.11191517994586,6.140644951099041,359.49614286458063,Moderate
9.30024786820322,312.647276855683,127.30413216809843,1.3008066982894695,0.3349954902366292,173.06353191874092,Unsafe
9.302428587750224,612.5242618822803,317.0743348126688,0.22425889162055124,53.6347467037534,381.41292857858275,Unsafe
7.793751552493145,208.46502656969824,65.14519592820602,3.604268271414861,51.34556134411483,73.24581070158847,Unsafe
8.027348848679196,1109.2221032019609,328.0003148507475,7.837382510752365,32.86310479996894,72.1825217439874,Moderate
7.293782087913279,1879.550815360427,580.2095739147363,5.661806912250709,39.17152608256261,223.82946731549535,Unsafe
6.672843086792258,174.75272727016832,261.3136921421901,3.1277798921035407,33.23544004736717,209.06293642732427,Safe
6.814658181479664,332.00883661905095,71.44780691620137,6.543420054927197,1.9204035875911085,192.0349469152185,Safe
8.190073824308154,959.178153738527,67.02568500563893,2.320181803088107,26.829728497396992,270.9588932010095,Moderate
8.50949811775072,1874.3625333030193,263.3927179707782,0.14381446072085025,14.166580431783187,194.33011204020704,Unsafe
8.666316174903393,700.696599455826,138.01371505475674,7.643533864364274,7.873935128109499,136.51606331064136,Moderate
8.658472571178216,1063.7461365079457,62.843652980502256,6.237430848640091,76.53763471114799,189.26129708987042,Unsafe
5.8648244121947615,178.988432195745,465.91748767259725,7.6230262450096,47.94877800337325,488.70692276460574,Unsafe
7.477681218810326,381.85208182796885,302.1876548850399,0.3893801668766561,58.29250273892821,235.00103764768187,Unsafe
5.730235040066577,1974.597233621809,209.08462458495998,8.371196278306522,25.2290994612894,250.1207495862511,Unsafe
7.698115529294942,1933.7255232284865,545.0457506590644,6.195262000363034,31.451770359521216,309.445245478013,Unsafe
7.266122005493508,109.38596377537827,113.87642811028908,5.633953507126401,18.95391951173788,492.50334578640195,Unsafe
9.0508167310332,1908.442392304154,575.7553559254255,6.246140481145316,7.7572536772339795,158.72057439609335,Unsafe
6.903660050208314,1314.3278818494507,222.68169455754406,8.644332468683642,14.322530995326703,356.5769497395952,Unsafe
5.968268065710424,1749.044759588042,538.6220197697746,5.86936506558907,63.801123623718865,372.1931120937758,Unsafe
6.071966728211343,964.0057257043323,381.61858206370385,5.809503798881793,54.20366441470207,323.29598755687965,Unsafe
8.54604252686989,1079.6324543005753,504.6890478578181,9.906791570657658,43.75431007883815,89.86025283648983,Unsafe
7.972872253265044,1028.8085024881484,591.2072397657554,7.56730167068568,38.00718982934144,354.59252412240943,Unsafe
5.904490704491161,1367.0420893375983,208.62299080031016,4.422938054511353,73.79474269248996,78.84261996627896,Unsafe
5.83642722445999,365.33738403699454,578.6245169741761,7.073970000329277,5.818795822293472,318.26419229745363,Unsafe
8.303876525836479,156.9498207580881,264.2150421963312,3.892304716917885,22.448065059033276,382.8115297497842,Moderate
5.791052025456774,685.0668890232628,262.0315476053073,2.28875462483499,27.995028285657124,144.9364507789777,Unsafe
8.787440237161425,1438.8934491996288,237.21290733997813,5.968518768877594,62.594064977023024,428.7299033942483,Unsafe
8.324968908625985,483.5215590336019,347.77418404117185,9.281820981139514,79.4011696129577,63.65921248985192,Unsafe
5.825395122567599,1379.5216233173428,134.77977374816788,9.291395200154627,19.253641180572245,429.71578864623774,Unsafe
5.839350856340768,1942.8328876038138,354.54131694690614,3.419052781054903,69.94458673096645,257.1480727892443,Unsafe
9.446558314004701,278.4113599998949,347.9376468255022,5.276774662216949,66.4498208345433,147.91457296924003,Unsafe
6.997083183024481,1377.94402462774,469.0459969326785,2.116358985698612,17.97259181134133,110.20016524728561,Unsafe
6.982568588267563,943.1254166786852,508.50747906567204,9.956311094988834,31.946606415937808,478.98822541206766,Unsafe
8.75119826903001,1749.4702833172603,292.2427426718332,9.811179078679357,32.77382954340153,82.69951441152051,Unsafe
9.288994309535434,436.58459995003324,216.28328714332156,6.495089297074474,78.25765348212467,139.59203897116655,Unsafe
9.444004255291484,1415.9893092297125,192.63419352440195,8.044140596774733,14.471352110311866,206.52005634487068,Unsafe
8.513512741035766,1692.4190503314094,157.04311018767956,7.151001612837,63.93263768838256,329.1056820325042,Unsafe
7.0050383421236635,1894.7670170006443,81.70617020946369,5.931582190394682,26.73541713384879,295.16048837424427,Unsafe
5.834002866794675,1398.171253750327,238.34638835909234,0.533479969888977,58.46962766209283,106.5395715855413,Unsafe
8.608587663709747,1044.6320516160117,198.6362306719308,4.54764342552661,33.60088034365303,180.3775926821966,Moderate
7.73361699894322,1273.9097563823063,581.529562226524,6.747863021674105,46.2687810493232,157.43829698871082,Unsafe
7.196888036987906,1750.9194705095647,356.7398544375242,6.775316138836846,66.60894186609049,146.09428452065362,Unsafe
9.125417540378944,1184.1585186137763,241.00237146677915,3.7312261842238357,64.33324519871073,235.01495141599418,Unsafe
5.944789929224605,157.73541342399002,369.25718054653277,9.416919866580306,69.31385468317602,366.8141536662456,Unsafe
7.470500417163437,1868.8025214632578,126.55818574013253,1.67357032236781,4.769386027572722,147.85381949775618,Unsafe
5.545414579069677,1410.100826959966,294.2240620612116,5.003594462155606,55.364044243179585,215.00549586634165,Unsafe
7.374642567976505,1385.3754329767685,394.42887678158513,6.908839765508228,11.19899013774103,225.91284207852303,Unsafe
5.725213102727349,509.78278955566265,318.89380748584824,6.971358058918092,33.265485441472876,489.4054382459346,Unsafe
5.975271665072288,1351.8823934420486,270.9783403598783,6.486389567688155,43.88707320437508,479.599860595581,Unsafe
5.970104987108419,848.3423707429012,596.616613894834,2.7528821345186016,32.21915877974646,410.06191223843416,Unsafe
8.096841208464255,1337.342656378835,534.1731191819099,1.5620656868662197,41.5689340642406,158.7465143686333,Unsafe
8.484179517061694,302.5267575851824,392.87327698769207,6.3594032682671084,79.72210470388953,80.61679134125136,Unsafe
7.833475060388638,1349.9060787457684,363.15754865025553,5.993021161394378,10.817385097028378,192.60686197428114,Unsafe
9.348690193898168,1998.8860789642665,391.3632639035212,1.7935601028924097,54.03648362691405,170.05754724522387,Unsafe
6.999482318094817,191.60287383505647,160.72165930233828,7.051391455705634,31.680077310849217,277.66661006587725,Moderate
6.642848345127443,1956.630950020503,267.32575879537524,4.551719917336564,10.640783912586302,399.9775595305069,Unsafe
8.974396512757842,873.1251253734541,71.70274308999463,6.6776059160315295,12.698941069944762,436.2453224954861,Unsafe
6.39438335407781,1754.4315556407923,311.55032061775466,8.373670797701507,75.94184849964935,430.18883843472884,Unsafe
9.352890157762445,1586.5324197107195,348.66352117671477,1.6972842857692316,70.36811973694097,211.8540025503805,Unsafe
5.548617898759265,1177.3308958746688,175.26235485676528,0.1914486799683668,72.56335683320175,359.2554545573073,Unsafe
9.379515306830555,1503.0534975775204,580.2158659410326,7.791025863957868,79.32262206619092,190.77538888589902,Unsafe
5.6726396478023045,1769.179566472561,550.2000360154831,6.096974251526159,16.665231200681436,77.40749445583222,Unsafe
9.064572454792284,867.8666111369627,447.17877950074825,6.996395696221217,28.435146989124938,365.70436952132405,Unsafe
7.6108044363452,721.3630069701535,343.3626458209494,8.381549749886425,53.537522393989335,54.42239865640453,Unsafe
9.471859184477202,1368.4274325708109,528.4830378062268,8.028109348245005,38.70420318885178,234.13216435631986,Unsafe
5.7951862589415954,1634.9072896883913,121.85878910290461,9.609201469288246,33.47116267026668,198.22067118593407,Unsafe
7.715417137605283,1548.34175607557,484.78038685118673,5.359350788521182,28.624899946847442,362.0198923334836,Unsafe
9.377210142476397,1615.8459328314054,118.65144768176657,4.884956326599053,47.50245055547617,394.8104627421705,Unsafe
7.592391376680595,927.6082981445727,486.81586440217296,4.018871998907301,46.04747429120656,186.84258618707773,Unsafe
8.01759455254105,1653.885010732541,201.6721625382463,1.5369104284420454,12.916626725139206,415.2321565001841,Unsafe
8.282994755938468,328.3972052041561,532.3998195600038,5.726072328820225,37.73918700147512,182.2625422272202,Unsafe
7.318164259071093,1134.5292861256141,569.2231516039689,2.7701252432597876,44.27774209678799,250.84686199395256,Unsafe
8.010232320336254,110.94145494643098,131.8377831728136,9.213075122129755,45.62295509851124,377.1583371563603,Unsafe
7.837257247692401,716.7130768105136,304.47158278596646,5.8319080427709755,16.808575432988142,361.8141031511549,Moderate
9.104632041963956,796.2769162556559,589.5430579894768,5.928401805081101,59.38171138018294,494.31581254049,Unsafe
5.681785521365832,852.7281140575852,315.87408978523064,3.5492466087701002,2.0159275856855707,151.32246089716932,Unsafe
6.623852758368921,1421.387692710738,524.9511373829998,0.5198935197770749,28.386548443453012,348.0430610928121,Unsafe
9.301645936306235,838.2603924136569,373.8023371722259,0.3174376537298862,62.41701188285069,324.3568587240998,Unsafe
9.061055135563665,952.5178829828083,256.431449355781,4.233351441531975,45.111433684432185,461.79430452051344,Unsafe
7.322627011142852,551.3338486612222,207.18095553922862,0.8456537809723785,20.892994600868818,120.36296374019378,Moderate
7.9805303912061465,809.1784040957461,161.77270009734798,6.068469555401391,55.59624954744382,388.30917361411986,Unsafe
6.60952473192453,531.8122917999879,468.9890052577335,8.809730056396575,45.39127553248587,305.72087732094576,Unsafe
6.252484638895045,239.07225516004291,262.5972787526653,8.829148165187222,63.69948875651097,173.59964140455742,Unsafe
7.354793619759929,1246.552327424618,331.20150421041313,6.590454101322324,58.80201489518587,263.4957113662283,Unsafe
6.913408912104211,1369.6043172545308,320.7790140006501,2.1123183147293103,48.80863376289877,200.199468681409,Unsafe
7.834624447403488,1277.0316574182675,367.5034660782222,8.629968313588721,39.05421402486512,310.6910312548074,Unsafe
5.810938547859939,980.6386832210875,526.0674300935037,8.860934353132082,10.654570053401873,450.05027486659964,Unsafe
9.397579230664666,821.5929823405367,589.4066389708862,1.966535849529587,20.906641430830703,306.1872429854909,Unsafe
9.444842977918412,1740.333934186468,274.17131471559935,7.374260857706773,33.52795783336682,334.2750882469628,Unsafe
8.292646856078981,1086.2553917588143,505.1354071584667,2.8651954892712297,47.943942960511094,283.43653120161923,Unsafe
7.644385465376482,1010.4455674964888,470.4902870600947,8.026403123529297,41.09662841722439,73.02447790046415,Unsafe
6.738110465145311,148.71992503222782,365.4409233005653,9.972378999036026,23.05476207676236,154.7863505942424,Unsafe
8.755180078827795,748.370872489697,575.8259289865632,0.30026005329392813,0.5171486231768441,271.4007782444372,Unsafe
8.238924690215518,822.3716756931284,160.26098354062154,8.973658657909318,39.69913775206511,189.60587768511715,Unsafe
6.150467757379565,857.7632837041109,110.09531567029177,6.226305335986581,22.85007908497945,131.7936189925374,Moderate
9.14370873797537,1202.3275015319314,519.6790818254822,9.733826191648213,58.76866405684281,276.85977886329727,Unsafe
8.790148971692677,1113.844838781069,291.5323991485616,4.650095175264276,1.9157012216386793,195.26440705153266,Moderate
9.299199653167696,1255.0196763075448,515.8328698138832,8.473879305713737,46.78622490446327,166.14843942803662,Unsafe
8.40287803355344,1553.2781969300438,541.1996128574782,0.6239406859827723,75.31793900048524,258.7934378481714,Unsafe
7.953660783743159,1644.6729035605777,84.3516764904893,3.352790500782957,13.95274136891996,109.97791613697791,Unsafe
7.1729721451624755,1464.4338448303395,535.9056196423334,0.6701653775120997,37.73195926004763,467.48557988393327,Unsafe
9.230913933416053,1915.495022314376,296.5754804531822,9.753431334790704,7.313759345371054,440.46594406365756,Unsafe
8.964255558001634,134.6419070850871,330.73786895232774,8.169739072718368,50.05455298090821,368.42926358324087,Unsafe
5.680874680424758,471.9781727987376,394.62588110126563,8.525474212459706,44.042534447698046,97.7962224148053,Unsafe
5.6054678979890085,114.36946245847003,559.5104337015478,9.379652314338943,32.589241937026586,399.14476451136187,Unsafe
7.005853467512198,1330.2019568937458,60.513851936370216,0.8510348611978535,41.7101617178993,413.5807976490585,Unsafe
8.74221332312733,1806.2580430049752,312.2639075747994,3.8559759251333334,71.72597267752082,395.49407797145193,Unsafe
9.449104517259778,562.6163634949686,428.2471233368084,0.7103488904400213,15.703544184885363,101.28464920365852,Unsafe
6.101667564414113,1861.3656351129825,447.4888267340257,2.107931015500286,1.8051609364277788,339.7585806804941,Unsafe
7.8765228614085405,214.50804155016561,430.89283734540936,2.293657770376724,68.93319077592808,425.4461580872293,Unsafe
7.0235634265240865,1875.428450930477,123.93932117446703,4.691072110475787,46.16936659103252,309.8090305488505,Unsafe
9.379657591258413,768.0831057553054,214.6675736044247,2.685621674536426,71.2526764369474,340.88331885264006,Unsafe
8.868475692542834,292.69957405351136,247.2935389793574,1.009781068177611,47.75561787305381,256.26356574183774,Unsafe
8.853314818844552,1023.1563424540187,492.44046422372776,1.674910890941077,64.8128871967762,287.9182939478237,Unsafe
7.374772639179881,587.8754786689651,203.31792982800417,1.4727556355209093,34.373869068411835,65.46958625827635,Moderate
7.159278009350661,641.2585137276534,165.88773012696174,9.730767979122984,59.9887945030615,337.53335988797807,Unsafe
6.593628287722825,683.8509333599445,576.596410470953,7.592925069184736,73.04331735118848,86.65124580102164,Unsafe
5.7255019866037085,1625.7492058820606,54.8748068124079,9.67761465269562,45.7698370977765,245.75656745310053,Unsafe
8.958889505020213,1124.4064256829836,598.801470625088,4.397404865079086,14.462812044990363,181.69479395033352,Unsafe
8.75160403652031,691.484628396407,422.2517143715676,2.783684816626566,21.50380920241585,295.4425775952709,Moderate
9.498870693144521,1259.634188290745,505.6581146970144,7.982931972091867,15.891566151792462,110.0373509854432,Unsafe
9.486547348295622,1460.6862810240677,212.04066799040623,3.262539180411468,19.748562207658633,361.23953088799317,Unsafe
7.72172682241051,617.9856013937142,57.873402716882985,2.9938337370534827,24.513235948082908,407.75519161781165,Unsafe
8.575949660722042,885.7432928981679,455.82823520884153,2.325059922078312,44.41070294025508,123.50950238442041,Moderate
9.279062919529713,331.58357734020035,508.77952835037166,1.2967897822423535,47.03933035710662,96.94088930834698,Unsafe
8.898589562709645,444.1837641158926,457.26187257443553,2.5646306101676597,34.11997977934889,115.48196725431161,Moderate
6.48939240697279,1394.1239225334673,128.56765801546123,3.553197484738877,49.23366238566683,444.7074028543258,Unsafe
7.3021765412403745,444.7328606216912,464.385357241333,6.739942081457304,6.525994048909274,287.6851677903603,Moderate
6.01663766060598,1097.8104289674143,472.90753015920257,0.6256484221945158,7.023058964652797,260.26744820337615,Moderate
9.316204109034889,1447.1878972726222,412.1972836185302,2.1050693966534295,13.746356828612676,98.02031859605943,Unsafe
7.92469853780352,303.0661538800133,471.3637630375724,8.090236402916764,41.44619984322758,342.3002030406328,Unsafe
6.414571222013851,1177.8932172949167,515.2567918227527,1.4692192358377076,17.119574295865085,440.59981635279047,Unsafe
8.186802737623427,587.4692890325912,387.4822628306021,3.4264514652252154,22.662752279406185,422.68364119555383,Unsafe
7.972512961831583,1929.5610629514017,98.73259268332347,8.6465892185814,32.025026893839524,331.7246190413606,Unsafe
6.9326508721313616,1018.736728767857,318.195295316966,1.5492531114344266,64.94928992083038,83.87542249325313,Unsafe
5.954230368798516,1631.3858445728004,92.70713406938279,0.827368356181899,1.1089708730288095,100.57866222920583,Unsafe
8.186292782371199,1145.4304300968975,274.148667067837,4.845379950800108,51.95030561892979,72.1890441994211,Unsafe
7.581230803615173,182.4838124241564,273.90856901909524,3.024195112785364,53.510122483254825,165.8656474216112,Unsafe
8.589273566942557,1302.9876136286425,86.30541427713287,5.634083644838541,63.89246242853092,111.04766022216998,Unsafe
7.5806540044479735,1907.6663501926482,241.8512936832136,8.038048904834751,74.62023512482506,167.02161811359525,Unsafe
8.908726001274161,1243.0624582780292,111.04895433522316,1.3714848815274316,1.6110279159431862,223.27612507353277,Unsafe
7.707627355097943,1656.4588329109015,494.5293655050722,5.80699084554285,12.302696441057295,474.34225283201107,Unsafe
7.7437518861415455,1779.9922803619747,571.2284142804589,5.055087603898639,70.89370352447945,324.6692269017614,Unsafe
9.00661441063338,533.3515667029717,89.77406139186624,1.4407878601319957,36.68148497496123,425.73820355733307,Unsafe
7.113931464849588,502.8851958256306,575.3133640104357,6.2399848552898245,45.16725111467708,369.6581753205495,Unsafe
6.036060913802563,1260.8638788168844,337.41712963520985,2.7364041786077165,53.04217629785179,100.62640873698429,Unsafe
5.615130705253356,880.9540926327389,214.76112287463064,4.878343185440125,54.32532835965099,381.16418286827695,Unsafe
8.520549022694476,1695.7364754467687,92.27414140188992,0.8227232427706188,74.53923226532066,173.794496701606,Unsafe
7.981238205413859,1810.0439344562212,325.3433474387298,4.595840572136231,79.75595339293358,337.59853114761785,Unsafe
8.316319072396894,771.5006206751644,486.9835494699118,3.0646346804282034,57.612596874475216,203.43288813934484,Unsafe
6.3518566460356425,550.054062051516,438.897562496684,8.223812111853544,22.977696736412064,498.9525184690966,Unsafe
6.045485902347079,1582.9984789633374,77.62430630518557,0.5697872699736828,70.38019218354749,168.59816577355002,Unsafe
5.558178662671528,622.1314675414586,90.09600945234693,4.1860727491833,3.9376731632609285,175.60871184842136,Unsafe
6.902350235226388,1662.967205175989,271.5803054479504,4.58431424131438,18.486468229959698,468.80251500307924,Unsafe
7.859670747418532,905.1026819326494,212.4097717263688,7.250060762991187,71.79085739709718,61.0899820863452,Unsafe
7.068976180398929,1368.344808653794,177.8113776808263,5.74287575090211,20.495321155148396,363.5100445429386,Unsafe
7.249899688094916,281.51709628586957,204.5524743997925,6.672123371941811,17.65208476973988,376.39687583114517,Moderate
9.116634777974994,1285.3327168854887,491.9155088132865,7.770492856517562,11.05002345121978,426.3703598346797,Unsafe
6.893021868093202,958.3585896007353,561.0754294975196,8.622029736581888,68.72894061175332,488.4976897873139,Unsafe
7.555957956639244,1214.5560800334008,272.8064819901615,3.1387549672247053,40.00466073528693,489.02086362049357,Unsafe
8.634612050964572,419.2269947152405,548.3610511728734,5.38022705363903,53.99145624433238,79.37454090490876,Unsafe
7.086171129285081,1500.060115393946,226.82263568633508,8.401080784391999,19.125310726002375,419.82769523880614,Unsafe
7.9883468009114935,1739.3144473321343,312.0403424890854,9.894511309650564,60.64323368089732,340.8394701458216,Unsafe
8.94945483498698,511.8056201724737,174.31594879879987,8.895193110437631,60.80044359696788,341.30396046789105,Unsafe
9.298082494630568,281.8576554883073,402.2618231967142,3.714672626243768,25.007841992664012,107.75746697661266,Unsafe
6.088293923716152,144.91331348803914,588.4396133461449,1.9516651721865041,32.85461064082263,342.584224900544,Unsafe
9.206350500645978,1319.7458508422055,381.92120282385827,4.893925374065887,16.775222194416067,492.1171612705615,Unsafe
7.468465172318153,1253.4786685686834,246.79774626245188,7.416414518360423,78.12488186583235,460.3183562927511,Unsafe
6.532977553195833,1138.7250841567331,406.2995952947906,4.925690707532976,51.64820616467293,247.60879736218274,Unsafe
7.336543024953045,540.6994826203534,117.60637315596315,4.831808633136685,74.76351045724124,67.97658797874246,Unsafe
9.420130301141908,842.7213922204779,538.7624941459692,8.382304210818006,24.270843490330655,213.03207050009217,Unsafe
7.470472375971479,1229.5050368537288,326.69617292891,3.6140377906718637,62.55127303975118,421.87564022024986,Unsafe
6.815006441150032,1043.8570318324219,297.1423581218031,8.597946748116456,61.26869151077936,365.6745956593247,Unsafe
8.033603417266903,1976.7924884082859,372.22563364943557,4.068048009517236,55.33245214932332,256.70464501728037,Unsafe
6.460582475112773,359.2355298577929,393.63112453417136,3.282331056783394,77.25111802134404,74.795690821474,Unsafe
5.803453312434655,1420.7746526904282,89.47669342458217,4.53989911199699,31.484426888505244,242.10262752048618,Unsafe
6.015518887642597,868.205659398155,425.4394716728713,7.624469586748685,10.457385887180584,261.06122287304754,Moderate
6.012183355831089,913.5792683586681,183.06242417354127,1.2600202786399428,53.73670873952486,467.84998980236116,Unsafe
6.107610774049178,1463.435754750535,442.6739478786244,1.9641921587201738,58.34478403817649,338.48874661197175,Unsafe
6.0553086905976405,1415.6286875163023,502.39413691130824,9.514448256630919,46.004845876705176,190.243812494592,Unsafe
8.06349897921286,1983.3863880341578,492.1771791538862,1.7549162738135737,16.5454314506717,286.3932190028246,Unsafe
6.227520337596579,343.94914996283796,353.875532074339,5.6772731793105455,40.35647533354843,79.72488851997203,Moderate
6.882669133295453,297.808333829916,336.09344077091316,5.793144666619378,24.97517892553035,487.65570604238155,Unsafe
9.087153639624047,1476.2437525446082,128.58177873667643,4.896244620502448,34.19732225333512,212.02695586882672,Unsafe
7.395846561051489,1198.9351423121773,476.4403827217246,6.447452485768186,51.61748606757311,265.0403097109111,Unsafe
8.170230954084108,620.9052664636312,199.2751592456929,2.2982672579761845,59.61717941526676,209.87778840661517,Unsafe
6.189279484806519,250.89680107907455,323.1824825498706,5.526622677767482,18.57797527210745,357.13027855229006,Moderate
6.269156075234683,262.750674233218,206.35075111013418,3.7217325524689713,32.42602885175627,348.00447124831686,Moderate
5.6634744650659155,1798.9626618618247,123.60559964983123,6.61667259629189,21.532925679330333,371.89503973811105,Unsafe
6.175740252288659,464.54791696561153,396.2567332904551,1.4122354337314946,15.89052910894953,170.66445332536438,Moderate
6.6143613561278345,714.4059680194895,79.8826191525971,5.708774168394762,62.67097759966707,192.0508165238297,Unsafe
6.208041937106987,530.6471642312772,461.75487876940997,1.852703553833237,72.74021555495939,106.36305399329358,Unsafe
5.854810135028222,774.4929810806809,224.67273739361417,2.786430631150364,29.618574854766138,344.97948733075066,Unsafe
5.982543484402403,231.9053012175774,50.074081152466924,2.1870980032358323,60.10231394990135,67.90870730104365,Unsafe
7.343115072130903,1086.2136027257138,331.1210265804764,1.828377798688171,71.75962314915289,318.9570509855566,Unsafe
6.32533487362317,228.46387082520832,75.76854969018171,8.25710951560667,67.68993684241852,441.36314818323524,Unsafe
6.957079444192302,1620.677364862487,201.89325680149472,2.857075676608903,14.625071083138073,450.8744667303351,Unsafe
7.513669083419428,544.0529556298227,438.8370681006439,9.271237818644494,76.50335052106891,252.06699216648275,Unsafe
8.261579314517462,1126.02263774857,84.47929189202623,9.699265253451909,30.134115234356997,256.68665969588324,Unsafe
5.657248559364396,1772.1502663667707,511.63617079580126,5.712604699370973,27.139252893906907,84.63613235360782,Unsafe
8.69764159563617,1336.667001189669,52.10095746222071,1.430011226657264,4.994506182222427,351.84426144936606,Unsafe
8.011601557963631,1112.619794447537,185.75312806104623,3.7454824337958126,38.89389232839064,419.5667391677805,Unsafe
5.827036127795488,716.2341309192136,457.4972308836393,7.9773226334821405,8.721089251274297,160.09477457212085,Unsafe
8.994314496427108,732.7036348105761,223.94858235111872,3.673907286970705,19.88318567419408,239.5853967350141,Moderate
9.183489602127253,1372.0252148765612,106.04081343630745,0.8701721830278875,25.35540974138251,427.47770154437166,Unsafe
5.744311839419455,1988.8647863202184,248.12865534023533,5.567849109281879,64.70610587933473,444.7042104480296,Unsafe
6.607510592588815,1357.4944607138193,198.71630751148905,8.451208514960348,70.03909203167171,159.43099111890166,Unsafe
8.724805119172245,1159.7884930030473,513.4915461883052,7.959263871435024,24.197305396917574,297.7567855436139,Unsafe
8.493038761534633,1488.2359694545676,222.34135467182873,1.7512314013035324,68.69584969956591,136.6219177861222,Unsafe
6.238084077425509,983.8906633390645,483.912859476804,6.727646144124667,68.57847498958328,95.84544386280044,Unsafe
6.337397293346841,214.2704509414919,540.529679645904,2.205042634356471,61.17207603078988,460.0042256263809,Unsafe
6.981888411165528,1168.3639501680286,288.59958076709125,2.1820753455217226,11.735609121214523,419.22837690444914,Unsafe
7.438091940764085,1919.4880405602223,550.4687291199157,8.740717733051852,55.22582775205832,392.01570581142823,Unsafe
7.973019086121184,433.07559047955334,257.52492967975604,2.4966895274023013,75.6019251664455,71.94484346591318,Unsafe
6.975654558279089,1411.0092925592648,580.2431290695595,2.632473465180112,54.60323830137256,429.67795671961585,Unsafe
7.350138864532592,481.7740084522073,99.10923848906512,0.006533907612995549,26.529347928626716,247.11983415742267,Safe
8.489883752535025,1118.0726004988544,427.8605965767835,8.706690341255177,40.0463453944665,204.07780548313684,Unsafe
5.646732811562392,283.6852543287673,321.59772225131076,7.925948132091348,51.65800346808429,295.9143624614194,Unsafe
6.509747777376083,955.7047788905518,263.2068430006059,6.27328935090678,40.84563269828028,91.10895922560013,Moderate
8.35339834353821,1536.7103249009676,397.9915333117305,7.502657639388422,9.596235338477586,390.4909472085795,Unsafe
9.080827350748798,760.3858960540659,437.12140039888214,1.520485674244918,24.96512357216165,312.0957845997331,Unsafe
7.546709768462664,1363.3322765257142,52.39979830767,4.583235945875755,64.1916824442906,133.96554359292537,Unsafe
7.628453941061263,1611.3549255004855,141.8241988109593,3.512193873487809,68.91344368764139,134.70448989607053,Unsafe
5.928688045359104,1861.63785701096,442.17532784887527,0.9377652625701649,10.984002617245618,132.9118932077034,Unsafe
7.289649467293819,545.8199555253617,416.5119774680136,4.861304852149241,76.19094019189797,75.6510743983703,Unsafe
7.630469065820092,858.7002400376855,581.3261278207725,9.207396503426354,26.305809427888747,314.50930221725815,Unsafe
6.469882014538919,389.5904253277931,468.5707846379307,0.4005911905069448,52.985099098457596,428.15667991482866,Unsafe
6.576972923797523,1985.718654100913,572.924989252236,2.9146091349379386,60.14601167653449,57.87419629432487,Unsafe
7.009136652418491,1861.301839056161,436.39727584414385,2.0754093620570346,64.95569877103067,72.05209023707309,Unsafe
5.5802847911109055,1125.9185475330632,213.92871475169375,2.381466536656963,75.65997617807442,307.74662450912564,Unsafe
6.788316662332713,1699.8632593152004,107.95070723797106,9.084345518793754,25.03356384230581,418.77305842372357,Unsafe
6.345792027986178,1089.8201568168802,480.0031248397146,4.6806905423429015,68.68051636412436,197.0325007558851,Unsafe
6.809989408711658,1284.8128072052434,404.2820718117537,4.662994129398188,10.534952274896563,207.32647946347498,Unsafe
5.979048527277005,269.33642102043154,76.50230681631292,7.605756424552823,56.403272508287415,318.35592387354916,Unsafe
9.06210912295958,1535.0137989439352,248.0277562455381,1.544922040049258,59.35821836111887,173.39580010586616,Unsafe
7.874369814216195,342.6556189069462,576.2398985163574,4.872653541000508,54.21785929610564,61.97376473495786,Unsafe
8.21640927657796,1669.528497479804,325.2206301406107,4.2998521412105974,20.18517889081224,380.85283314571825,Unsafe
8.656684954429354,1585.8533665737332,288.0010248108375,5.969106905466561,69.84345176121627,331.5424608236539,Unsafe
7.493768795716229,1446.6149257116551,301.73478283761165,9.995577032504386,13.5086770696316,311.3401995750466,Unsafe
5.847681152349695,168.704722997048,164.88549820284004,7.694488940820471,4.290783321666467,383.7578580463204,Unsafe
7.648426167274192,675.9438762961244,252.78894397563735,3.978657030174272,57.39719924895297,353.85387690291685,Unsafe
7.847364472083516,599.9138828306014,253.39729079294713,8.27553052274047,38.0380572186187,142.64689468024451,Unsafe
8.48175789673732,784.2591741958863,78.79526110310982,1.7070836331248018,67.92784159669408,208.61647112450802,Unsafe
7.226638184918718,266.52121885129327,472.162195684855,0.30463686308960125,30.671771284660714,106.74956375538125,Moderate
6.010321211182255,1880.2198637590193,279.0774375471334,2.0444837246427303,13.462287080617026,108.43565603804646,Unsafe
6.635103623194897,1152.224257353515,502.19893774903284,3.4041155611425964,66.91537539758957,354.28808586044266,Unsafe
6.95232918559454,680.4961902502447,517.6914006159425,5.105807574595599,43.91277053120574,436.3700481421242,Unsafe
8.083668965326405,854.2648824411385,166.59673008426194,6.151291405411998,15.135663391228391,483.22966273751257,Unsafe
7.7831132186756475,949.6848269591877,411.5444151935707,9.106057172144217,57.63071988691566,332.75620289725,Unsafe
6.924386903591385,1241.129233385173,309.7549922896399,5.0985400955045765,40.88909107916004,132.84559551243063,Unsafe
9.44606099517192,1079.7909126233458,534.0862058568168,5.012756446257294,48.34503857922559,97.54265545201882,Unsafe
7.923099277427548,1846.844749107393,168.65737354704976,0.5024300982298213,36.871867056526554,415.782937191541,Unsafe
6.448907166943978,1044.2306175210774,422.79726017052434,0.3491155265622381,66.29671870544051,310.4404143619997,Unsafe
5.907129890481615,1985.100228164294,384.2636672389974,5.511599619163721,66.36501725464399,328.22825945617393,Unsafe
6.111436556737328,1717.707419715682,212.41581266450802,4.381786132483445,56.751105745950895,401.65793993961915,Unsafe
6.483830913538032,496.16997727893806,125.13049700814494,8.391803949802986,8.432110191716982,366.47475247960324,Unsafe
6.142725493038222,1868.1309078234408,408.4018682625021,1.6067958471184518,67.1083089523255,425.5062137852435,Unsafe
6.246268096205223,321.0961559824046,456.22860197278186,0.24971662117049598,53.68103844263278,75.29625745694531,Unsafe
6.640380674775388,1653.154446133264,223.5950390698425,4.490387679301259,55.76193328034396,386.3842865359272,Unsafe
6.193494381179019,823.1842576055021,404.6579322122726,2.374785567522575,29.03862723230973,432.8837407949429,Unsafe
9.0870616985057,1768.151208845632,267.3219991863268,0.4961437333883745,70.34236449256053,178.76076910624144,Unsafe
5.820934982646569,1749.3077112041556,442.26378580543974,7.24598286847629,58.029728018788596,338.2012732969638,Unsafe
7.598045558281019,1631.2582602234802,159.5684011917292,1.1159299995724747,9.007237322335557,191.37292872663744,Unsafe
7.1415873079586465,1601.0578289834166,539.618251449896,6.083195000077717,32.622242752493015,481.0869799171043,Unsafe
9.429514467634426,678.8903642862775,208.07527805606884,2.8104975016688916,70.91042895681133,65.0406075959767,Unsafe
5.948155608672209,253.74663779737915,252.2822932658841,1.7349605035502202,3.7757361357903196,310.9067797248298,Unsafe
7.091422396182967,865.6623396538067,81.95057364419239,3.7975152291931744,76.91332957136396,124.92659617228179,Unsafe
9.377881733101475,429.69657847436645,111.33171677670202,8.014457762229537,54.33300546556502,370.4990923297214,Unsafe
8.96202850357592,1420.4070689146772,333.7240464917805,3.9209357690457267,50.51007821147013,129.15062753839794,Unsafe
8.76828828379712,757.5894804217925,197.1759722003843,7.507696492110557,21.64474051903931,155.9224678542609,Moderate
6.531611308179759,1953.6593816338384,509.5141241582069,1.2548629679915069,19.903343099134165,272.46686497059113,Unsafe
6.183550349560264,1317.8469469561308,58.08136376022461,7.727714196650791,75.36465755908763,461.67572749859517,Unsafe
8.174572879697724,1662.7130709052858,258.5017267695649,2.3693332490664867,23.861796338729818,145.2714674665869,Unsafe
9.217503956510344,351.796878209512,235.54005072300097,6.773931298888728,62.04042373751995,114.90800950314659,Unsafe
7.72705157205572,1737.8275163179828,60.63019700468057,5.657815548409964,31.449743856566332,391.5395743343138,Unsafe
7.786450757879599,1853.2386619754493,118.40261945028062,9.291447172116873,11.140325662776318,275.2787895502689,Unsafe
6.619916374641137,1025.4176457559784,277.5034712052494,3.87322517975314,0.857223815628716,460.30330057179714,Unsafe
8.577971732767747,1251.8805817268571,321.07552144609565,0.6616518883444045,43.540586961220065,115.97655072192903,Unsafe
6.2481749942300935,1553.1386217156914,272.359360990178,0.19155485551252904,78.06230548391461,340.6675518603677,Unsafe
6.794716945616974,432.19339179478385,342.0157231266516,8.26858560972753,29.530895504736357,154.79561576831676,Unsafe
7.201745754465668,1054.8755452805406,377.32242119812486,5.247356376614322,28.575386719443586,120.54219289323768,Moderate
7.53044151473782,857.4597527673949,55.4581016203096,7.752440518349493,27.527329427955365,357.5432368207717,Moderate
6.469638929660321,378.1105851082733,305.25233769942713,2.3442560001151467,41.64350698438867,317.15807895892993,Moderate
5.959347298956814,798.3154023539097,579.9245824881735,3.450837455132337,35.253190673943486,389.67235626304904,Unsafe
7.94248016976653,229.52738783243777,335.4677540712518,0.3010387221131894,70.39317013816115,189.25815940078206,Unsafe
6.654522212961023,149.04262320402526,422.64824710242425,9.614923245741121,40.44166333787922,251.58724537198546,Unsafe
7.824952885690449,356.8159493941632,221.52512185428577,6.678679067008134,40.62062705508551,232.4622543486883,Moderate
6.11745086109681,1929.9187120194304,475.6952579840194,9.332050877593062,11.069727577644528,492.8402587849314,Unsafe
7.4245604074192695,1144.1061182005321,475.1068150318633,2.6549640742907235,78.61916327283087,181.51203053272454,Unsafe
7.6303577302063434,1935.062106191118,336.71282620977644,6.114636112256608,19.997831269506374,182.6677572560451,Unsafe
5.707294147289708,921.7459688272507,586.8076028035675,6.784999682926378,5.869125396768213,209.54669397287333,Unsafe
6.846417112775683,692.4506528619931,119.05261811945935,3.1754970025758844,53.0516999180167,304.0673365806447,Unsafe
6.037658707755897,1061.6695393964637,59.32121568926955,8.4810923501563,47.62930961254981,163.54523491868537,Unsafe
5.753499881891071,935.0722084025292,473.5870164664028,9.471614629002477,33.211652319419656,461.88047317067327,Unsafe
9.459840929559782,300.76290009731343,493.9355455506854,8.848551176960044,33.77537871045425,169.55850418981856,Unsafe
6.789415379898892,1317.5699979113917,116.11397601631694,7.390669759393726,62.805113683714495,453.1170792020876,Unsafe
8.739497783418539,510.4725467682392,196.07055812723334,2.7746467972495403,15.657011207971925,96.5637786409631,Moderate
6.518562619055055,1277.2171143058763,59.6537998516459,2.8161604210563174,65.62026551559117,345.4532160798435,Unsafe
8.226010888895717,1335.3820755564914,211.31973592931058,9.633603204460378,51.89976911160145,458.1434832972097,Unsafe
8.540911439558746,388.8472209444314,475.2280306552693,0.10284495935692028,33.517581902361954,125.93724727920329,Moderate
7.882554962431377,216.5642915102695,334.8782902419184,7.160499732421445,36.64228932670949,485.74713204466474,Unsafe
7.3863047542006335,1583.4470135300357,241.45257624255845,7.062461625552622,20.531776574887665,253.79751218698027,Unsafe
7.147363656589074,973.6208051617083,254.45661219848165,6.226895409497974,60.16914661575798,475.57179879846103,Unsafe
6.895473066171981,210.511211460404,50.74449414350749,9.901088460868658,41.029979384421424,354.5690196335211,Unsafe
9.218116576991303,1990.2460026225576,214.89029016087974,3.1187943576372525,25.668363419987486,185.7140914430982,Unsafe
8.822477631150917,209.7830658930966,405.55230790086176,3.399718637932482,47.68400926087602,134.7361362126979,Unsafe
9.360107642666051,1420.566934831251,585.8069440989964,0.7893940294655555,79.65875616410584,186.68077080129473,Unsafe
5.9971888939421785,1968.9899580004858,515.8834548411447,4.4279813654373745,34.820982372524306,91.85783416820374,Unsafe
8.423469900814577,554.4421980102586,62.97723055504102,2.610485262348481,73.65531206228957,114.7405848544984,Unsafe
9.253361827284152,370.27380050567274,544.2083325711617,3.433867021776442,27.60134719396529,97.09719815591652,Unsafe
6.224932264662641,330.6313849026149,480.75912731424427,8.345717902556277,4.378616553998871,240.32459468370098,Unsafe
5.76598506946711,676.2227803784316,479.20686796403925,9.354845135274957,16.339368509474312,408.0102693159139,Unsafe
8.464482597160236,291.9870409202287,301.8976674519643,1.8573307200518563,33.49561146621474,113.62259939735308,Moderate
7.797892452719648,1415.1065492188507,268.9029111249765,3.7250893155346585,17.57079428756552,108.64419492755115,Unsafe
8.867315107033088,218.35441644711912,216.60365085825595,9.286305621153941,0.018163057460443,339.54302728279885,Unsafe
6.059089506505158,1067.9020434846004,86.13217242490117,0.6180846068922263,73.20012301980218,138.7323418856298,Unsafe
8.681069247439561,1993.7240223206559,175.5294499215345,0.9236052811137851,67.51035289847432,93.92451714904622,Unsafe
6.306509280190978,1646.5435120614356,185.63199923791353,1.6279098920622936,59.383378518955766,125.08186019250994,Unsafe
6.154623771462818,1268.9169326389206,316.2423883406109,5.952128341268748,13.42516765168229,465.6791281445492,Unsafe
6.157063191723972,681.8818794945622,461.0944236281817,1.5047227100599747,9.629086096798884,419.6620637492859,Unsafe
8.758298880925528,1285.4020889541132,310.59540561887064,9.680763814507335,5.408379957790652,209.32905305979233,Unsafe
8.1607888827848,1101.378781432138,81.81444719593833,4.467145272585204,57.922335101833696,345.1193452973268,Unsafe
7.592261699076477,909.5584293917058,576.7843905435121,5.015179603501664,74.30463685503082,291.77405315061714,Unsafe
6.9353219364940095,348.349715806379,568.4983755017618,2.466586158054065,34.44286567304296,354.7059185671538,Unsafe
9.008802163252433,1784.5480089568869,481.85424873162464,4.709602524347335,9.531253759683853,357.2020186082417,Unsafe
7.0697804296905415,954.5908327605127,595.2303458603213,6.619136326370115,40.991425658568524,332.9303067769968,Unsafe
8.766397757886308,469.7827724594536,349.4652830401446,7.511771369540428,27.90655259669041,169.74561584178886,Moderate
7.256539634280873,798.7427666668502,579.5225926392633,7.53868082709913,29.985993947999816,67.55288934326816,Unsafe
7.00777771769963,886.8465298049614,91.58277233921292,5.7789111269408835,49.70644993245658,255.00505189554897,Unsafe
7.350719142678425,1672.3220015770612,251.12441154375423,9.043597749938572,57.49744906097619,450.93824811081674,Unsafe
6.705511496656568,1493.8673230666639,173.9596974037212,8.174078473061094,8.848287909852868,306.27376633335916,Unsafe
8.490437520705004,1561.6792979185457,157.7081962738485,7.570481146986254,2.847218464518111,424.5759687658586,Unsafe
7.510881560369917,120.9594024144297,127.44162189097185,0.5560552168046062,79.54642421485718,496.23095433255264,Unsafe
6.428850780587269,890.6925965415469,392.32750286129817,0.06877962219649314,18.618267913244146,123.62729186222433,Moderate
9.098298293098274,1014.5538881071149,479.7270206610178,2.1244727719547294,4.306441992676726,361.29993761389204,Unsafe
7.035564885492846,136.46532596380771,368.06411968119835,6.635235939134523,15.190026327673598,353.4321081650111,Moderate
7.674211444455954,593.6450966155651,130.82949027351532,4.111974888825458,3.1166277078771376,490.9799513112253,Unsafe
9.125888443858187,1544.5506639320565,496.118073463409,4.0240625929931175,31.344871569373733,493.5203302787601,Unsafe
7.996951983655968,360.5084408850982,399.7750889400507,8.845868882296138,64.19214275610594,359.0053752758583,Unsafe
5.967592162833457,1117.089249759924,263.49113836984753,8.955628481318387,27.299555980617647,159.6266563919874,Unsafe
9.2593284944539,508.88355683275125,420.7716625448346,9.091752640535857,35.53467255026932,409.35012715876957,Unsafe
8.01083221228567,123.02947182339722,192.94773858355808,3.138780765150273,54.0469418853951,98.16311039496715,Unsafe
6.8396224586283445,558.2827694391287,239.85571467181578,6.910558127392617,40.71152560559042,401.31468687723293,Unsafe
6.0570882906535495,1954.1601343291022,554.6172137225947,2.7163318127436966,68.91565488170593,459.5882558651134,Unsafe
8.676100757081183,1622.9205125776803,209.77747811928123,1.9060983307444979,69.28285400366052,222.27502764579586,Unsafe
7.980291023714054,1923.1956242099634,308.4935474868651,1.8463245734736922,0.7928556392922914,333.7858827423862,Unsafe
7.6338443679052865,1026.9226834600886,539.5776255678081,3.4210762086359403,62.24370451865593,243.56422944357183,Unsafe
9.075570332203831,308.4987774872567,439.2467426471401,4.299576197798217,36.85868801933391,246.99427474465782,Unsafe
8.654388844898122,1141.1230290500166,84.21177439058651,8.309491710550684,79.10724330429305,189.66690009865403,Unsafe
6.106699518931005,963.3169356639256,131.0166743534337,1.198910934727121,38.65856607003481,392.9583292026461,Moderate
6.746888271182193,1704.2784572052703,54.31287492455425,7.349258473948942,78.95167563106381,471.27945387492736,Unsafe
6.493956559257863,286.3569034900647,397.00698462603987,5.314549141893053,60.365548896458925,473.3378866555075,Unsafe
8.475785170290708,1027.6581603413786,296.2203839757301,2.879453426759925,19.888390769064507,128.65157819372024,Moderate
5.634129738943118,385.0924629185701,123.85116799625155,4.928195845328246,43.07159834295661,443.6346423454547,Unsafe
7.779558739485266,716.8842610911139,576.8637665812238,2.9994206977702262,79.37085115828663,381.84414864220497,Unsafe
8.549834742962762,1500.9784470368193,341.31284817009094,5.96081955238306,68.6024486201539,163.77683031063015,Unsafe
9.007062547046997,1004.4344458006564,183.04131176208904,4.338439228552442,7.789351503297688,80.27807581468156,Unsafe
6.868326994863629,814.1877417769617,325.33196413508915,1.6440552907887873,56.50975974479969,170.5987700979701,Unsafe
8.785029218688052,849.5049292830671,423.7911830043093,1.1658307455569672,27.646366869665044,460.49370655168656,Unsafe
5.942526947820829,972.9488599713746,91.93156988546046,5.466956820721301,0.5585809504278494,334.9304037030975,Unsafe
8.885809166938072,1591.5314332904081,201.08709827634058,9.024130332861034,32.27847752215997,374.47459740404236,Unsafe
6.00995464932793,1794.9609089864455,493.8310199861965,3.4395768655768553,18.780353737997704,165.71855799909315,Unsafe
7.089149162241469,1915.1359043574637,302.81567872146366,7.330001072226232,65.50954164163772,373.72467000866914,Unsafe
8.689181463118214,1595.1164338850606,350.6174281177622,6.586613549397669,26.98644870766124,62.65467782506569,Unsafe
6.099669709395095,699.2731019212242,288.0488012152081,9.31554914309481,66.20189551630537,218.8946055978562,Unsafe
6.4170055809305655,1407.45594156443,74.14496845365281,8.209810172991409,0.04783510678362468,332.039006844049,Unsafe
8.389010273572264,931.4459357052447,141.16237890108576,5.66605258905463,24.625532002089532,115.7434544935941,Moderate
8.380146146184298,583.8741818874972,295.04790130803997,6.570304982341073,19.293217144620954,420.3516085011206,Unsafe
8.064590531541189,1697.656000909253,165.0520059743603,8.983864665840349,18.685388885488877,155.7640844653634,Unsafe
8.275793777868401,173.0100630284175,77.48846576282331,3.995187845869348,5.454929581237016,343.5265007683008,Safe
7.670897773390385,1813.3477850573047,514.0073152285031,3.2679470585777737,14.969941632840138,232.33871415889837,Unsafe
6.507196235627811,976.8071827869949,589.6558910402637,0.10811083635196339,44.44396559084959,318.2196179649412,Unsafe
6.882783974015678,1310.6828059357329,486.2285806982067,8.265510741914643,23.30888582701956,98.35274868300866,Unsafe
6.226390867205703,1352.7724521909872,519.5817069375669,8.009807004033648,33.391582586331836,57.61075996472329,Unsafe
9.133802245334513,1800.7237073424192,183.08742167437495,1.0445451810015138,30.149350427775083,459.3039923211355,Unsafe
7.833567179064482,1309.672396117694,578.3448365322598,5.768573811327002,70.07239399999156,171.33350394523225,Unsafe
7.10340566705456,1266.4738110441174,158.30913744938562,4.639816981668874,72.42391992084124,418.8546512512066,Unsafe
7.34802321457653,226.6388770653109,573.2863956990077,1.1870909550911146,39.436557732468806,499.70763521249006,Unsafe
9.28913335844726,1084.9752416958877,597.1506116812731,9.805682270607235,26.412476025248353,145.14406609951004,Unsafe
6.113405612464321,385.32110155237916,441.4475431603268,2.1469588746335546,8.54405632018909,169.32683353251002,Moderate
7.8449193280671885,1501.1241605708226,589.629052485502,0.6723418009056115,76.2722303505676,348.2869044355996,Unsafe
7.523554715537864,1073.2216495440816,363.246878761907,5.948473795019096,4.818155592023796,484.45188557027956,Unsafe
7.945816941738592,1392.4327804958714,192.7479807468497,7.3886667713303265,23.812022205462434,462.11645668583475,Unsafe
5.572440735283362,179.1785111445301,290.3477371160915,0.32443446047186963,23.845296093600332,276.29398402951324,Unsafe
8.988495635776605,261.1048304870261,376.4585144583323,6.587176387270222,25.632102891217194,407.7996271370261,Unsafe
9.22847312993445,1461.0144373190963,90.19485911485825,5.322918759514544,13.142947461792742,111.08563389495548,Unsafe
7.760532734356836,236.9602383974794,392.28879553948536,1.0326500887504841,62.65291447389578,489.8471828918055,Unsafe
8.286603295507568,235.38778275399133,589.6478102192619,1.7252387694636206,9.799828957279137,483.9589553161939,Unsafe
9.189997524709183,123.00610294628615,154.55920738105021,5.679742973160805,50.79253273225302,123.67803104562694,Unsafe
8.328954537253594,1917.3526567690121,485.9273139586108,2.9635761351328838,9.907682136465397,184.74040616139797,Unsafe
6.110156171657046,1501.265882972113,549.3443365787907,9.38315728651316,5.642851007436525,95.06974887804512,Unsafe
7.805153440667253,771.1776761539219,569.0358760511215,8.187402294840508,72.75436029487012,172.27291950418086,Unsafe
7.926860185531424,663.4176044465449,578.074582422996,9.835672065136631,15.210301305496454,417.18010523684296,Unsafe
7.196522685209544,764.4361365171142,336.80280129680955,2.5967083895041396,65.70001236477634,220.24202322436676,Unsafe
8.445776942498892,1571.8417092442455,587.519349395327,9.69723632797977,43.57046968857087,89.77863521604127,Unsafe
9.23746805907606,1356.6041610337872,466.52061392394137,4.312338697915578,6.228521568701568,204.00148615050705,Unsafe
9.202274051627105,451.8715789481891,138.91928993032906,3.4751879531375462,76.4358553150454,491.62250040857606,Unsafe
7.303357485616528,430.80773713476026,312.29505855738347,0.5034952696935324,19.756893359351402,333.3576178666413,Moderate
5.952952183363021,286.9517344554549,445.0821464546022,0.5276525785960262,68.77162762820852,237.272425882771,Unsafe
9.439364795849338,1354.5751674325425,186.03717370049583,6.920112559466547,13.504800462765134,124.9423310737715,Unsafe
8.855592345783737,1552.3080582212983,402.33835095188806,4.579289944340279,68.31543057134823,493.77955877766266,Unsafe
5.998650724813068,603.5882138175077,416.63026347564056,2.265216260361057,1.0583050324235188,419.38205416840793,Unsafe
9.18336753046949,139.79542595873434,139.48485909471123,6.139703063252327,40.942436525558456,176.66478610291372,Unsafe
8.979585448248514,256.12616820521197,360.796921849016,2.528581182501112,61.55540635372454,81.53091307453525,Unsafe
7.575352228504288,1938.9340662055579,474.3948010382342,5.776317543444226,74.78364139942266,75.48150081990111,Unsafe
7.865101742979717,661.3450772070985,324.39261549476805,3.5920874698269034,72.73617089651896,104.17016727749022,Unsafe
7.096010815480521,1561.523980892454,56.65671422685908,8.23552226611819,65.56998956381159,311.34586262648975,Unsafe
5.719046555288125,1286.860780823101,54.971157993610696,8.206961607667793,71.05530797290433,467.94353954247157,Unsafe
6.840788966583604,825.6853153405023,246.3661391835067,4.773503981224013,15.93757486696612,273.534542602693,Moderate
8.711413794392046,490.8057981715547,559.4067376374801,3.508191093350156,22.7347436569383,429.32546710528874,Unsafe
5.518528092018411,330.6341945028722,175.77222878198484,3.6255979655909454,23.11748199368468,250.64897893691352,Unsafe
6.833996686764577,1268.5246392738466,398.9000288794279,8.05714525668218,30.164314480135907,368.8625955955213,Unsafe
7.092674774363774,1571.8041832117972,172.14172888132632,3.28179482797612,31.465653630815098,379.3427317789254,Unsafe
7.649582411751691,1323.4180817281483,226.91849431275173,2.09059373706846,43.56442597237404,128.2836676565024,Unsafe
9.179422465651042,1107.574053173401,516.4231492808162,0.8468834187530683,12.79038106931531,212.5472265391153,Unsafe
6.885383977463845,179.7073245201089,450.8737932484708,4.666931208844084,55.299733102879145,336.78597044211074,Unsafe
6.887812807584911,1940.1286774293292,102.46960252226584,4.821320989198419,13.40532314436052,81.81347368296478,Unsafe
8.450004992438993,1617.5569641436916,285.7861115425385,8.409087104029071,24.8246785683638,212.69308449333047,Unsafe
7.308871763559228,656.361869731833,66.04337000489545,2.2123869644606398,40.26761044849232,290.65975982653663,Moderate
6.398419291759928,1961.9436257818163,314.489580631655,3.809912736683999,63.71524492187818,498.3010218700874,Unsafe
7.309758064530774,1243.575020309012,414.3387064355874,8.084057388936909,59.15753865909818,263.5401031800983,Unsafe
6.063428081519199,1206.6030505937683,115.17644297898336,8.236236107489734,51.64274851284178,417.2255407014456,Unsafe
6.205547946024893,1521.3390409161111,208.8867164000411,3.846110759787682,12.461860846413613,244.43027827997798,Unsafe
7.493471090957919,1642.3625973712612,268.8101440261863,4.591240232866809,43.76362764924622,408.375825178869,Unsafe
7.175701798018192,1347.309353929855,555.7420635608273,3.0328589084928295,6.995720143990836,317.93666072904875,Unsafe
9.1593836042724,343.38191809578007,596.2902584826302,9.32554878419312,30.18905414373206,448.96794867607923,Unsafe
6.9495755964665324,742.7082613895469,74.70121444758873,1.186437657415803,33.08132242319673,234.92414855754944,Moderate
7.822353401112174,1863.3589166194945,468.5543579224656,9.3374942300147,3.184915155660306,321.9369889196655,Unsafe
8.02905715167812,526.7696625033186,254.44823652128878,6.838664518353433,21.919047957597748,333.5084062784723,Moderate
5.552377826353334,807.1173452912753,265.852002426214,5.315721526867312,76.45195738131915,237.822323810213,Unsafe
8.154149488066842,920.9460775939724,464.84573534086246,0.32659060784495875,76.29060862637516,114.94041965936668,Unsafe
6.212143867479005,934.8694804194591,555.1345376799748,4.755961918220083,28.186164340203142,92.101733110551,Unsafe
9.34428126987782,1264.5852067395986,573.0107269764017,4.077481050027323,3.4480087158659245,57.50219776983489,Unsafe
6.094650911012452,1891.8440917149444,367.41742232107646,1.6121881197512256,14.327595146254524,443.09041891034656,Unsafe
7.1584964949080945,557.3161524817594,246.41663761527656,6.564096035006569,31.377423474683212,156.41371050741253,Moderate
5.841398672314575,330.8526149717443,483.1519972223286,9.711509073682858,75.82237583753839,145.1780371767956,Unsafe
9.487497007383789,475.1939307338809,188.05076079426513,5.621888110645251,11.295925082974794,381.2159301917295,Unsafe
7.50878004132497,1785.157310397612,360.2407158584348,7.147532764439458,61.08126749345698,194.0072508893263,Unsafe
7.881540069280176,1327.0405440448915,247.21815383868025,0.6845045256601678,8.694603149975366,277.72011158532644,Unsafe
5.76830590955371,643.2228995544042,411.1470905393318,4.176669958169947,78.50060619130215,123.12997938385533,Unsafe
8.499841881596712,1650.299184040373,182.2194020914288,1.1635848516449587,30.5293199287308,481.88557465788614,Unsafe
6.339622372382343,1736.6029930905283,155.3761201541542,6.127958355365104,62.018763111924486,433.2116300077568,Unsafe
9.092217157762855,1708.3772435115284,555.0314976714903,9.384821582141546,27.407286624890546,438.70533033425147,Unsafe
6.320558561928029,1845.9604139151534,105.9920256222453,6.617777324716386,50.213510172704694,233.04818685740236,Unsafe
6.262750882654666,579.257938329387,328.27684925421244,0.7680304831442153,15.361286779202938,393.06254616822775,Moderate
5.64619867139238,1534.5796646179288,171.46903062965492,3.5466620498508283,11.681681543757003,114.74426992540107,Unsafe
7.388267780439997,975.025044820866,71.4114798291171,5.506633794408515,75.0451311654505,53.87855116630112,Unsafe
7.759364533050466,1699.797250491117,69.81035006028452,4.032077561332522,73.41178223235468,58.987819660112656,Unsafe
5.7628345577134095,1484.132286607065,146.37197465820503,8.336440104751723,70.99751521703058,313.9707818320522,Unsafe
8.602110466780042,1575.2501483494768,526.7236949783002,8.146710047099893,50.03467601332748,254.92770736157337,Unsafe
7.313155338992111,1346.707491594036,205.36330918736465,6.118310201032214,64.66145689730226,283.1069070088339,Unsafe
7.597561077310321,437.1146619924431,572.7525438164126,3.7345794513270523,5.522954952909993,53.35841318774873,Unsafe
7.263050987752912,1135.551145904183,369.8922611440565,2.5533637376324414,26.783123351254332,240.20897884584156,Moderate
7.103052243501304,1970.8725050965656,290.1378043728214,1.0587431821312931,25.096249980572498,373.13067254038737,Unsafe
7.7385613252328715,1881.037326344526,369.04885906820004,3.5489768348655404,50.85162575620906,249.21216588534614,Unsafe
6.12096098372285,182.03009801432216,334.1841118744473,4.1317251720771955,28.47662187765124,379.4986428405,Moderate
6.2277125219810845,413.14814988593054,467.32693956652884,6.758229251040736,11.880542531494465,154.85853397857565,Moderate
8.94714248405407,350.28466956366765,205.37283628506876,6.581598242975735,47.71736603308349,415.91390201677643,Unsafe
9.28446184853453,1479.3618289720614,244.17771538016632,0.7010813964125695,65.15071365352652,314.79405820405356,Unsafe
6.993237265119012,1653.7921267281956,541.7518663932879,3.952593154311578,30.569879556797854,144.8433947434578,Unsafe
6.5829786925742155,505.6715959902766,570.551082232723,1.8177886721736192,10.581497207878536,156.52421413422482,Unsafe
8.075998172956062,1061.1201166084752,540.907025117561,1.568127053168057,15.735055785025844,332.61370905629167,Unsafe
7.134936684392386,1697.33575322128,280.69639667652245,8.27302149737246,18.99866441355072,423.4728169455995,Unsafe
5.6015454226413794,1492.322935055876,479.20102665378494,0.4191521671625753,23.991807439562898,237.03250191311983,Unsafe
6.124610389464761,1130.2506904345119,311.98465331560436,4.191828759021213,51.42360564050473,166.23519310741648,Unsafe
8.363888915389591,1221.6606118716684,323.6469186803562,1.682036557665182,48.07563876301752,440.1552231097702,Unsafe
8.135695767640605,1065.885039140932,162.5740599815062,8.79330215678474,55.68638892536313,351.1707312878757,Unsafe
5.608383970013934,665.342057505759,375.12166679218404,5.570405132750351,29.000158762521053,251.63846927738442,Unsafe
6.387888647731797,1173.5417864321307,152.37474376434136,2.3138063637684803,65.91981215039826,269.55508787568584,Unsafe
6.424299186352286,1408.8820738951722,232.36058448695658,5.024272871663764,16.32701289246082,141.9154105713784,Unsafe
8.187570974394914,1759.3135401355346,520.2666108909643,7.314863597031158,37.52325980145231,332.06118352917974,Unsafe
5.578842151017456,1308.9535725605713,163.89169506597037,9.581180089194337,64.07509772331443,211.4341297442999,Unsafe
5.916434327938296,1546.130920382,89.13705684538805,2.2044600424541896,14.41269181860954,498.04032950345714,Unsafe
8.699664341492758,404.1361064136887,87.95417593704897,8.861817721293452,8.789049099262636,266.0825818678495,Unsafe
6.2141786482173345,976.9592013976009,567.4314862767094,9.343041141674902,70.69471741503918,268.6485227853259,Unsafe
8.110984431407498,117.73007767147726,328.806240879009,9.164205445320663,27.43437302073567,304.63330433480235,Unsafe
6.452731124186906,568.6898425910838,275.1766394993601,6.354143568619098,54.70960999272256,462.540201403436,Unsafe
5.897765571037381,1480.2772587147092,495.9832195543551,6.298206544347077,2.0278883411150783,410.36814493688763,Unsafe
6.472688763997816,1984.4389075637905,509.7042603507838,4.032106331838228,55.20375107275597,253.00853140902865,Unsafe
8.389067727422637,288.43838921571023,232.70506821358254,7.523978823037879,25.288104923757643,373.4146696877582,Moderate
8.922785872425143,862.8392001364476,431.4899316105874,5.312940183509319,4.459268286995339,313.80597445134276,Moderate
8.820879458267967,1620.134840528403,474.1175487185376,6.7743807122829445,48.78502092384936,271.565171915562,Unsafe
7.08873411847382,487.6677057949078,410.057877776275,4.284579038487955,19.264305285853858,136.54209775295772,Moderate
8.172340546282584,1154.6614036743438,133.37729114005464,7.31496464043139,30.9445793641504,258.7713185547009,Moderate
6.319937181663284,1492.8354624563822,531.7356959343813,8.24471517604549,6.446464982921087,160.6183641601586,Unsafe
6.672590921044053,1270.3723554943401,346.5020040048048,1.4643625660281612,11.773060087595626,461.6789674332446,Unsafe
9.08534327408448,457.24699576929066,205.35983450350204,8.32929715574228,23.8381788396675,200.93306607335612,Unsafe
5.552007694042944,775.2306805029049,283.87550199073166,5.402965317903073,7.180760044812571,478.5188065400175,Unsafe
5.842034123417872,1589.2043905222547,70.66409971939906,8.446659090902243,72.86610117490522,289.8748805426201,Unsafe
6.331545020584109,1153.0303768508315,120.32674067232966,4.313017063410146,0.4837634547182734,334.1949704042721,Moderate
5.606128815495278,109.9362657315342,471.05071278372344,3.79040485383035,38.708817509144914,294.32320002019753,Unsafe
6.225741740359189,1545.8824440533783,50.00639911545138,9.150607325172224,9.859796650604116,108.2212776350154,Unsafe
7.832166243878769,167.09157438645423,279.1112056652607,2.5116926754840128,24.61432715823588,219.11954855357342,Safe
7.185698202369991,1516.894187189341,337.3805995970736,8.442123252861432,74.08476478546123,94.61575052493077,Unsafe
9.0706868443079,484.71306431395107,80.04893100053476,4.840205725094041,12.935564261918948,330.32931988252176,Unsafe
8.769774246953764,1920.3396122268223,585.1929896347831,5.140954425512597,77.26658557746661,251.09338784019752,Unsafe
6.867269406791504,799.0874274739605,174.36893218731956,3.0846828148948404,16.463550159153737,400.0932372069216,Unsafe
6.53769373372517,721.1700710423503,217.30929579995447,5.730422006190157,59.325288677346364,149.21171644971642,Unsafe
7.018769632669068,382.88729563164486,217.16838174026503,3.252111962762113,43.73418119178494,124.05472629320072,Safe
7.8611797700592305,680.6480094314082,176.72916416454245,0.3926941424165231,70.75829820774074,232.8495039336955,Unsafe
6.572254563291505,1765.636447473581,50.81060214747128,2.7199860534435603,44.319460440250474,466.9634224482715,Unsafe
7.996595631396536,1993.03524149177,451.139636748398,0.06379043406590679,42.7647375325047,369.6898167555853,Unsafe
7.137646608764962,799.7881079630118,581.7650248896069,9.783547870568567,15.636640029471991,238.5156311568134,Unsafe
7.708188723407921,952.3601988136309,173.3614158067748,9.657472098197475,13.298348964132698,282.77247638943976,Unsafe
7.244506116541267,1471.9347825852003,414.67595549188235,3.9515529747230502,73.31913208924114,87.89585502969425,Unsafe
6.67786303816767,1783.7719828836416,458.0429798272933,7.28370854339646,26.227055908002725,493.0591533692509,Unsafe
9.293813227848627,1226.7842349548898,516.6339584997886,3.45806098410425,29.766580397031674,349.8832871127135,Unsafe
8.554423176639043,843.8988265378757,282.446058357485,6.710931570859761,60.78589267427107,178.43183080854013,Unsafe
6.06045270306581,883.9814976123852,216.61199810223607,8.05430043045979,27.10587859382459,313.61377739686,Unsafe
8.97387190359165,1421.674478343933,228.9123237126671,9.467562446922408,76.16499573112021,99.2670647310473,Unsafe
7.449724792998055,106.1147008481295,441.94173320418207,4.00212275849672,59.03422151990402,484.6265009634126,Unsafe
9.078208907576366,1277.2197411736972,499.22870657809983,7.832979829560477,47.7943394058736,128.65324454751467,Unsafe
8.699421023789261,775.436719838579,149.88768226613146,2.659284506321188,70.4716128435802,341.61364312484636,Unsafe
7.200854017876933,1608.97492942646,254.01755448677088,9.903323037936483,3.96847266795862,160.4545081425187,Unsafe
5.58987723328047,276.68221566395107,546.0671082120325,0.2576959876435114,20.5650153751367,372.9026221918411,Unsafe
6.574709437539784,1217.584307201942,493.68143583210656,6.035288065011209,37.2029067376728,399.5696152581265,Unsafe
7.666536858643468,1013.8484907836352,591.6721215193617,6.595059816513271,18.158283157721684,353.0388780101447,Unsafe
8.033912879304589,1320.418499219932,464.8365428251444,6.880455570741288,59.51241498417215,326.52475711483663,Unsafe
6.53155074173281,223.22182951763986,266.25736056535726,1.2038757878908901,73.53664248429801,451.61109227840524,Unsafe
6.0574242962912965,1201.9691961134495,374.85080869705075,9.385297834731304,33.90160959447387,85.38201994539112,Unsafe
8.839720947197197,1166.8207171230952,413.5578398360262,1.811832790500828,27.370608008951596,198.91164460108783,Moderate
9.437608722814208,1165.2541793907249,93.15069897441816,6.2275340323984105,76.9240585710053,161.72936583388068,Unsafe
7.602760729210743,1246.6265665332642,349.4733275071258,2.2267607912308494,35.58819462620327,494.6062829294397,Unsafe
6.1867171433932135,1385.2890807300882,440.1264556599353,3.0721641702127087,39.123872035942654,225.22540085009308,Unsafe
6.589229306077476,1629.4790993934625,142.02671720058322,5.464585417281244,28.13198978735243,379.67571465817946,Unsafe
5.5735627061898665,612.6593682436072,479.3474445840564,4.171934185645765,72.76387784097108,358.12632374645204,Unsafe
9.157195226241996,1667.5938793421178,371.0750292827614,1.6022560097650629,45.51643866254806,145.43655686481998,Unsafe
5.9710043315605645,1046.6857963005618,573.7219821336771,1.7093640242084829,60.97396697453157,157.5489560951981,Unsafe
7.806065902057014,246.41073035522922,73.33226401379044,4.181447881627997,64.9445374680709,176.57805359886535,Unsafe
6.596220882748824,211.24676556356047,195.92937565550685,7.572829782755007,27.347923353380654,235.00727521672064,Moderate
7.716712010063174,735.0528055225155,380.85463361490326,8.979646468477885,34.6955465056304,155.44627954273705,Unsafe
8.105681553407457,1591.3042565117883,213.10795171326188,0.8412766225938284,67.87774195250117,58.84316723608151,Unsafe
8.818967214828806,1444.59377600774,442.93329023918324,3.9310390755940103,29.06042813406482,445.72687556323797,Unsafe
6.325685087042412,1598.3684328775723,467.45290538706206,1.0024556372287663,63.5148106761481,484.52442412139783,Unsafe
5.5439833146339215,1082.8112072390577,106.38378023656095,0.16592480632597884,75.27938580595497,203.70667416420557,Unsafe
6.047542520275229,936.3780961154321,332.61995531372224,6.617186826439566,49.85682984544056,202.3280957414628,Unsafe
9.10007456739242,380.1598007419395,329.88980557508074,6.024494419665878,59.33018299615111,53.19131574846694,Unsafe
8.995560310250061,723.566231857692,253.1044236185476,1.630191138148862,64.4077849632908,356.1128097486683,Unsafe
7.889652408681233,924.636795730363,563.1086744133197,2.3381283309306413,67.60317191173141,421.44795308688293,Unsafe
7.902067441734614,268.3408163912727,505.1284759302717,0.2370775364451838,31.604267028543678,115.97373516200142,Unsafe
8.160146698185022,519.1627101513013,433.4651600503002,8.349472056944037,4.101076734079854,121.84985721521784,Unsafe
6.201485114493798,1236.6280587211038,442.8796496542487,9.746905960485515,32.15010169893916,405.53746248714697,Unsafe
9.15764778369984,1497.7599170544606,303.9438790972155,1.354595367946908,53.90049838272718,327.33083675936507,Unsafe
7.175082099568293,1996.8602716466044,556.5469866031167,2.314752137652981,36.028030862463424,70.18725093247265,Unsafe
7.03255411299799,1872.9153295527597,432.02748498930697,8.68409523946934,59.917052068831886,330.1461457080268,Unsafe
7.57567082113135,1320.873879116864,450.93958391069907,9.264637979561849,28.55859435749311,189.01297527969473,Unsafe
5.68786386710022,900.3713012587368,523.9299970830399,4.196273828068104,50.77953128832236,215.92631996188067,Unsafe
6.165133475024318,1308.7369929456422,200.73937413820505,0.5062247226907413,14.913584388317966,396.3791382335961,Unsafe
8.452134465705482,1592.7380743524407,493.88899712668666,0.393918336928194,59.94955493159655,414.92083670267476,Unsafe
5.831194671700506,324.83876275443595,157.38233162607062,5.739498660690105,43.655677505042064,230.1604820779238,Unsafe
7.912608437865552,878.8192904229477,239.93807373468832,3.9289510889317905,16.325151083728045,476.21882120285966,Unsafe
6.481396438725284,1695.6243427076727,234.58574984841349,0.28652427577654516,23.35289387982458,232.9082230784325,Unsafe
7.057182456167906,829.2826086727836,588.1890076140273,5.832523923125567,59.88869668654659,397.32621585354946,Unsafe
6.6547749470827995,1186.5573153316543,521.0954730613598,0.11302536589022472,38.60809885292166,267.74476905391657,Unsafe
6.9226908658597965,1216.7617856381767,435.64342387464285,7.87371958149273,17.282515231445778,453.8895469349378,Unsafe
8.376183620736981,450.5048809539148,449.88121888846456,3.064328227033716,77.38169522962382,458.4925596425804,Unsafe
6.6884868624927005,788.2473391393479,359.1400369214141,0.402580030092321,57.21000158535104,89.33756354198773,Unsafe
7.765618561187589,735.571448609671,570.8998669096854,5.883522209831533,76.57078660318369,471.42199908960157,Unsafe
7.404201608796399,149.7737462109231,322.94231408529885,3.976844144330547,34.168403628827456,421.49067868418706,Unsafe
8.154684661450592,145.96435139357496,259.284740428442,9.738004133571495,38.00802725533764,406.08982144070006,Unsafe
9.247318957299033,1680.2243829839697,139.66943531237507,5.441986625037022,71.83641729480154,140.41010285848512,Unsafe
8.430288388841001,618.8345389483436,482.4131087435819,2.752391810370083,42.003947219630774,412.3036439395992,Unsafe
6.3597615143630275,1084.3496558537495,453.9441626415753,7.094388646339747,56.58231295245337,432.5597306082666,Unsafe
5.624732540245139,667.5785898186688,261.3952711882742,2.714920025427113,20.173830199642396,180.11765050436793,Unsafe
6.549056177199301,1887.290565719147,63.85637767757615,9.04243291407565,35.738117496211245,478.51703526304567,Unsafe
7.88031172280102,592.6638418449702,511.4485302449059,3.747219705073764,9.875989264828409,72.43706587962392,Unsafe
5.705703253937001,916.3479442039767,56.2798908997405,5.498685627762052,16.478402870156934,117.45916396121285,Unsafe
7.485464988804946,1758.1874759207435,437.03487879597805,0.5057310382422886,0.07547322141048696,291.9115121231814,Unsafe
7.887371395667557,1699.6737769044364,583.6414103493314,4.261212379522307,3.1412041318928186,309.1066120050394,Unsafe
6.836975563267844,453.5926939079269,290.7137304815119,8.32363539660995,78.18270585415435,340.31753748540655,Unsafe
8.583648814983288,1625.0222886118497,179.23537274777402,8.05648805363342,19.388295610940986,57.636108191959906,Unsafe
5.926393012535087,970.555084801996,437.6790555238599,2.2431855885352627,53.064856760320154,482.16504857995864,Unsafe
5.800551126943235,1017.6408569621749,499.42047810857184,2.260790710105627,67.12797590396892,70.0646417303648,Unsafe
8.412755024814413,353.6119475902932,350.536673842816,8.173053122132368,44.05283673892514,114.37787872553108,Unsafe
7.481965264824794,253.14287613853685,581.8694013908804,9.303984201693256,12.251560006716495,56.30653288672564,Unsafe
8.253609585710944,1483.0846832501538,78.41779691187861,0.9536092127300355,58.24931498689331,305.0862949823426,Unsafe
7.239309354414985,1043.2761894750695,327.6375790674905,4.500586394262252,48.02011280796664,469.5200977644375,Unsafe
6.485608132956427,930.0163349688412,445.1496710274025,3.3745427896422897,58.500047147790006,349.6762247362089,Unsafe
8.7764092706968,1486.0656344395538,524.4522591320484,8.706884554574394,61.579729828566975,420.1958608161923,Unsafe
8.697663515875917,1554.4745080831085,148.59058654928452,0.8352491468001877,78.03282941477961,55.976541556361035,Unsafe
8.278785883417708,401.92551857177176,490.00191497002476,2.111259425580374,45.885062402136796,293.9068843158767,Unsafe
6.58858054891985,1259.4277840075185,353.9888916451999,7.524683375864943,27.331289015248146,256.80333987748486,Unsafe
7.860922667476348,357.1727563276025,268.10452509447975,0.5129384898121558,51.87716455201897,274.5355748993569,Unsafe
6.943895587760107,1527.6126634551867,122.44326571850146,4.925353807142892,5.47525673941009,82.49593340083457,Unsafe
5.866328293306537,1348.2147969075652,525.9126673999018,4.4210703467972,71.7917854657269,357.9959124811884,Unsafe
9.169254301848971,1917.5677800585702,136.50026449884345,3.3440117898874866,9.550480907055743,276.4491866863855,Unsafe
6.047274523675846,231.02023107720024,220.3833225650046,3.945723153189238,26.22742703086546,394.3169824375688,Moderate
9.30094941528321,208.4039701873832,209.5250425793403,5.29940586930233,65.25963045008967,268.38078532777195,Unsafe
7.284023091831823,636.1554419170802,529.2777188049699,1.6136735838838312,47.784990266456944,117.22173630189444,Unsafe
